timestamp,cpu,ram,disk,network
2025-05-09 00:00:00,22.95,26.08,122393.01,135523.15
2025-05-09 00:01:00,14.79,22.15,90181.34,214086.74
2025-05-09 00:02:00,24.64,44.67,114729.46,220857.67
2025-05-09 00:03:00,26.99,26.84,80885.1,137918.05
2025-05-09 00:04:00,13.82,44.87,109340.72,219225.05
2025-05-09 00:05:00,20.52,27.49,77902.62,234519.87
2025-05-09 00:06:00,11.49,31.7,98424.89,251359.08
2025-05-09 00:07:00,27.91,43.23,85885.86,173915.53
2025-05-09 00:08:00,11.08,49.84,177514.98,147300.14
2025-05-09 00:09:00,18.3,47.79,86395.4,250187.66
2025-05-09 00:10:00,19.67,48.22,87880.59,192566.01
2025-05-09 00:11:00,26.71,34.5,98638.24,168280.25
2025-05-09 00:12:00,26.72,33.02,111932.9,197253.98
2025-05-09 00:13:00,28.44,32.28,123909.37,201464.83
2025-05-09 00:14:00,20.23,41.7,102967.59,225716.37
2025-05-09 00:15:00,14.19,33.7,86574.96,265511.86
2025-05-09 00:16:00,19.34,37.13,113252.1,228265.24
2025-05-09 00:17:00,12.42,46.34,82937.23,209586.34
2025-05-09 00:18:00,21.01,36.42,101823.54,238984.25
2025-05-09 00:19:00,23.26,20.69,99691.75,215164.76
2025-05-09 00:20:00,18.06,44.09,61672.82,173590.66
2025-05-09 00:21:00,16.4,33.19,592796.35,55964.89
2025-05-09 00:22:00,18.3,9.63,90192.32,207505.15
2025-05-09 00:23:00,17.88,60.02,83617.16,173793.63
2025-05-09 00:24:00,29.5,37.12,88667.85,177014.06
2025-05-09 00:25:00,16.39,37.52,107692.27,265615.62
2025-05-09 00:26:00,17.91,33.43,138352.59,208347.52
2025-05-09 00:27:00,21.73,28.7,110392.56,285580.84
2025-05-09 00:28:00,18.7,19.33,117317.36,128955.26
2025-05-09 00:29:00,23.28,43.62,83125.66,142657.42
2025-05-09 00:30:00,21.18,33.8,130259.53,263095.92
2025-05-09 00:31:00,14.85,45.94,98736.19,232036.29
2025-05-09 00:32:00,24.58,41.98,109014.33,261530.5
2025-05-09 00:33:00,19.9,54.66,91270.38,159951.19
2025-05-09 00:34:00,15.15,37.96,120975.41,189551.89
2025-05-09 00:35:00,28.63,49.18,88406.2,205486.95
2025-05-09 00:36:00,17.25,20.35,84411.35,249572.0
2025-05-09 00:37:00,29.43,45.21,96186.5,244839.82
2025-05-09 00:38:00,14.82,32.4,120238.78,194094.91
2025-05-09 00:39:00,19.88,33.89,51401.7,259878.95
2025-05-09 00:40:00,19.78,48.79,63134.06,238556.2
2025-05-09 00:41:00,20.73,35.1,63700.15,209964.58
2025-05-09 00:42:00,16.73,54.52,105586.39,298040.72
2025-05-09 00:43:00,24.42,35.43,82857.55,193102.24
2025-05-09 00:44:00,17.76,38.42,107444.91,222999.78
2025-05-09 00:45:00,22.56,34.63,79866.07,164162.27
2025-05-09 00:46:00,21.05,36.71,120330.48,169505.61
2025-05-09 00:47:00,15.7,36.97,96424.38,193111.18
2025-05-09 00:48:00,18.07,45.01,130877.45,202575.85
2025-05-09 00:49:00,18.68,47.46,93619.28,247108.31
2025-05-09 00:50:00,15.06,40.68,104555.72,126736.56
2025-05-09 00:51:00,17.01,33.62,86826.2,141996.05
2025-05-09 00:52:00,25.11,17.44,127936.73,162583.63
2025-05-09 00:53:00,27.91,50.85,514590.32,163166.38
2025-05-09 00:54:00,20.45,57.78,124283.85,185711.49
2025-05-09 00:55:00,22.86,47.16,95580.15,235466.32
2025-05-09 00:56:00,17.89,48.24,129528.58,162107.29
2025-05-09 00:57:00,16.69,43.04,122550.06,149777.83
2025-05-09 00:58:00,25.56,43.98,112995.13,216331.31
2025-05-09 00:59:00,23.7,24.93,77541.33,212562.0
2025-05-09 01:00:00,20.73,43.04,117610.55,185554.02
2025-05-09 01:01:00,22.97,25.86,78140.14,228391.88
2025-05-09 01:02:00,16.11,45.54,67579.54,157184.21
2025-05-09 01:03:00,12.53,39.71,91941.09,150397.86
2025-05-09 01:04:00,12.15,32.37,137158.66,114272.29
2025-05-09 01:05:00,21.36,54.48,66390.82,229823.4
2025-05-09 01:06:00,16.1,19.06,114291.77,211471.03
2025-05-09 01:07:00,18.09,48.81,75365.6,260936.12
2025-05-09 01:08:00,19.72,51.58,79711.47,254833.79
2025-05-09 01:09:00,21.32,37.47,125760.26,261939.97
2025-05-09 01:10:00,21.64,36.74,74057.14,214987.85
2025-05-09 01:11:00,24.33,35.12,99772.59,104982.11
2025-05-09 01:12:00,13.4,39.75,89160.83,151209.25
2025-05-09 01:13:00,24.46,32.93,87288.67,186902.67
2025-05-09 01:14:00,17.09,26.32,103471.02,242774.31
2025-05-09 01:15:00,23.89,30.64,120786.42,267262.24
2025-05-09 01:16:00,23.86,32.0,86649.61,157935.87
2025-05-09 01:17:00,25.72,47.98,78774.25,118133.04
2025-05-09 01:18:00,21.53,40.88,99351.6,190288.43
2025-05-09 01:19:00,10.5,39.45,138134.03,246393.02
2025-05-09 01:20:00,20.9,49.47,100539.72,223324.79
2025-05-09 01:21:00,5.3,25.75,82955.27,152644.8
2025-05-09 01:22:00,15.69,43.91,92089.18,176804.69
2025-05-09 01:23:00,26.19,47.43,84962.72,210840.5
2025-05-09 01:24:00,27.02,52.81,79296.63,300052.14
2025-05-09 01:25:00,27.54,61.91,98605.96,153125.69
2025-05-09 01:26:00,11.24,35.25,88932.81,127739.02
2025-05-09 01:27:00,24.11,42.73,69181.83,244821.21
2025-05-09 01:28:00,20.47,37.55,89329.92,121242.91
2025-05-09 01:29:00,15.73,34.54,118117.29,179956.08
2025-05-09 01:30:00,16.86,47.0,116567.45,275947.52
2025-05-09 01:31:00,16.31,54.04,86487.63,236386.25
2025-05-09 01:32:00,22.8,29.67,518588.42,164980.31
2025-05-09 01:33:00,18.45,45.51,101124.15,188389.46
2025-05-09 01:34:00,26.32,27.13,102651.61,179251.82
2025-05-09 01:35:00,13.5,67.42,51545.66,164067.82
2025-05-09 01:36:00,19.21,30.32,74710.18,206098.51
2025-05-09 01:37:00,16.27,58.99,109145.6,154923.49
2025-05-09 01:38:00,22.53,34.01,96926.67,168632.55
2025-05-09 01:39:00,16.16,39.43,105514.92,187599.92
2025-05-09 01:40:00,19.32,46.88,102337.68,109012.31
2025-05-09 01:41:00,28.13,48.11,99496.52,179862.05
2025-05-09 01:42:00,17.04,39.34,93912.47,204398.52
2025-05-09 01:43:00,6.59,37.28,101824.05,196322.0
2025-05-09 01:44:00,22.87,35.05,86317.69,216274.03
2025-05-09 01:45:00,21.86,53.33,124541.68,202810.07
2025-05-09 01:46:00,21.95,53.32,92579.84,222509.44
2025-05-09 01:47:00,22.92,53.95,105637.27,174589.02
2025-05-09 01:48:00,20.89,46.99,112997.77,119455.93
2025-05-09 01:49:00,25.67,54.89,103753.88,168842.1
2025-05-09 01:50:00,23.76,24.05,88496.79,193345.5
2025-05-09 01:51:00,21.05,39.06,105507.2,119386.1
2025-05-09 01:52:00,17.06,25.06,107043.82,174254.19
2025-05-09 01:53:00,24.41,41.56,113766.73,189686.93
2025-05-09 01:54:00,20.56,35.99,128965.57,210037.28
2025-05-09 01:55:00,23.36,27.0,111364.95,291934.3
2025-05-09 01:56:00,25.21,19.85,114238.51,229160.5
2025-05-09 01:57:00,19.37,39.06,105237.03,149385.45
2025-05-09 01:58:00,21.04,24.99,76029.7,92911.48
2025-05-09 01:59:00,23.28,15.86,112397.84,168681.98
2025-05-09 02:00:00,20.66,40.74,74172.3,182709.33
2025-05-09 02:01:00,21.95,66.42,82503.97,195159.91
2025-05-09 02:02:00,21.1,35.64,90345.04,167118.12
2025-05-09 02:03:00,16.38,45.07,93512.01,152587.93
2025-05-09 02:04:00,23.75,37.81,100088.71,161286.5
2025-05-09 02:05:00,23.15,38.11,119904.41,256807.94
2025-05-09 02:06:00,18.29,31.21,100520.07,213776.51
2025-05-09 02:07:00,24.84,50.6,93450.64,162703.38
2025-05-09 02:08:00,16.63,34.02,148270.66,136073.3
2025-05-09 02:09:00,27.96,43.96,110014.25,173853.01
2025-05-09 02:10:00,19.77,33.58,108819.81,164597.47
2025-05-09 02:11:00,17.59,39.04,92230.99,279188.95
2025-05-09 02:12:00,14.41,19.69,105461.51,226704.98
2025-05-09 02:13:00,21.79,32.67,108697.07,276102.63
2025-05-09 02:14:00,24.67,25.73,91102.57,242646.61
2025-05-09 02:15:00,22.19,21.58,101598.12,207322.6
2025-05-09 02:16:00,22.88,45.48,89103.93,186031.52
2025-05-09 02:17:00,24.32,57.48,130541.52,66445.65
2025-05-09 02:18:00,28.66,47.5,103192.45,215846.07
2025-05-09 02:19:00,23.0,43.98,58011.64,176102.02
2025-05-09 02:20:00,15.06,41.45,97025.15,233891.73
2025-05-09 02:21:00,16.28,60.98,79569.04,202711.42
2025-05-09 02:22:00,19.99,42.83,108956.81,171506.83
2025-05-09 02:23:00,13.26,26.77,56746.67,221636.93
2025-05-09 02:24:00,18.04,32.38,146689.91,87400.07
2025-05-09 02:25:00,12.25,25.87,107510.43,143599.63
2025-05-09 02:26:00,16.77,45.39,92524.77,173971.17
2025-05-09 02:27:00,20.02,34.37,91309.4,180050.03
2025-05-09 02:28:00,20.8,96.27,101821.61,200062.2
2025-05-09 02:29:00,18.44,31.79,540571.94,155251.56
2025-05-09 02:30:00,14.75,50.91,93027.44,167594.33
2025-05-09 02:31:00,18.04,51.84,103159.48,187544.28
2025-05-09 02:32:00,19.51,50.14,115358.5,118639.06
2025-05-09 02:33:00,22.8,38.57,77351.43,263169.83
2025-05-09 02:34:00,19.8,49.38,91394.2,225910.38
2025-05-09 02:35:00,16.75,38.87,103332.41,150050.35
2025-05-09 02:36:00,21.4,30.3,71076.98,212648.28
2025-05-09 02:37:00,21.9,35.98,98032.19,197007.46
2025-05-09 02:38:00,22.83,39.71,110360.46,258990.07
2025-05-09 02:39:00,17.47,40.14,116195.0,181487.58
2025-05-09 02:40:00,18.85,48.75,86063.4,241347.5
2025-05-09 02:41:00,25.34,56.52,70801.73,243361.33
2025-05-09 02:42:00,31.29,45.2,60013.01,152952.35
2025-05-09 02:43:00,11.45,54.66,95752.23,183113.54
2025-05-09 02:44:00,19.24,42.28,132853.77,205285.44
2025-05-09 02:45:00,28.3,53.86,96184.82,261327.13
2025-05-09 02:46:00,15.66,48.2,111972.58,266127.54
2025-05-09 02:47:00,17.08,41.7,137159.4,103118.14
2025-05-09 02:48:00,13.53,40.42,73933.38,284585.84
2025-05-09 02:49:00,16.63,33.95,117092.82,148631.83
2025-05-09 02:50:00,22.56,33.35,89106.38,233484.02
2025-05-09 02:51:00,28.2,40.93,67642.33,179802.8
2025-05-09 02:52:00,27.15,48.32,102127.7,131683.54
2025-05-09 02:53:00,22.04,32.92,113648.28,113158.54
2025-05-09 02:54:00,19.45,48.89,125672.45,208923.06
2025-05-09 02:55:00,13.14,22.31,135288.27,206596.81
2025-05-09 02:56:00,15.18,43.27,89352.78,170335.86
2025-05-09 02:57:00,13.39,40.11,133666.06,282287.99
2025-05-09 02:58:00,12.76,32.57,148885.49,204987.94
2025-05-09 02:59:00,15.72,42.11,119132.15,198581.28
2025-05-09 03:00:00,9.61,51.12,78288.09,230541.77
2025-05-09 03:01:00,20.19,25.79,138767.24,225190.51
2025-05-09 03:02:00,11.57,58.7,84817.27,215390.01
2025-05-09 03:03:00,23.91,57.34,91920.8,301473.02
2025-05-09 03:04:00,15.73,44.61,77953.6,179407.65
2025-05-09 03:05:00,18.97,43.18,94564.08,226735.54
2025-05-09 03:06:00,19.27,29.07,119580.91,176861.3
2025-05-09 03:07:00,21.51,29.7,98863.52,203722.76
2025-05-09 03:08:00,19.65,48.8,86045.4,1150403.72
2025-05-09 03:09:00,26.94,58.62,102294.89,208879.11
2025-05-09 03:10:00,18.53,51.4,117315.29,146399.86
2025-05-09 03:11:00,12.24,29.06,123858.54,163825.04
2025-05-09 03:12:00,14.38,33.74,126156.21,159880.39
2025-05-09 03:13:00,13.78,55.8,102799.29,103881.29
2025-05-09 03:14:00,15.82,50.24,141267.56,223614.65
2025-05-09 03:15:00,30.54,47.83,90676.87,209451.95
2025-05-09 03:16:00,27.93,44.94,94382.3,258860.09
2025-05-09 03:17:00,13.75,59.46,110654.27,163281.06
2025-05-09 03:18:00,20.24,42.29,121635.84,207870.67
2025-05-09 03:19:00,17.66,35.35,88215.41,197145.29
2025-05-09 03:20:00,20.58,42.84,111820.37,219943.16
2025-05-09 03:21:00,22.05,46.08,138632.52,165837.67
2025-05-09 03:22:00,8.08,27.05,91956.48,169732.21
2025-05-09 03:23:00,16.3,49.82,66918.93,262189.14
2025-05-09 03:24:00,16.53,26.98,115633.42,276061.29
2025-05-09 03:25:00,21.46,39.31,87811.39,167624.88
2025-05-09 03:26:00,17.78,34.51,99888.77,156752.86
2025-05-09 03:27:00,11.04,48.88,113632.83,207690.06
2025-05-09 03:28:00,14.91,42.77,94677.9,160236.24
2025-05-09 03:29:00,17.69,42.87,81777.57,88139.15
2025-05-09 03:30:00,17.77,33.36,107151.68,264675.99
2025-05-09 03:31:00,29.56,32.14,120623.33,198717.03
2025-05-09 03:32:00,21.37,23.54,77177.54,217114.13
2025-05-09 03:33:00,15.69,40.33,106417.69,199237.49
2025-05-09 03:34:00,23.34,34.2,117113.98,220673.73
2025-05-09 03:35:00,21.38,39.54,114148.18,264785.39
2025-05-09 03:36:00,16.42,46.15,107139.15,250997.31
2025-05-09 03:37:00,15.89,39.15,107474.1,112669.27
2025-05-09 03:38:00,28.64,55.65,119385.86,245469.41
2025-05-09 03:39:00,22.34,34.32,118204.35,202670.25
2025-05-09 03:40:00,98.88,29.0,131000.17,200868.81
2025-05-09 03:41:00,15.61,22.81,87842.27,143605.03
2025-05-09 03:42:00,20.17,53.41,90341.73,205328.56
2025-05-09 03:43:00,21.77,31.46,101821.43,163258.16
2025-05-09 03:44:00,18.51,38.09,86284.37,182153.6
2025-05-09 03:45:00,23.12,60.2,90607.06,204896.05
2025-05-09 03:46:00,99.34,60.18,95501.19,201352.37
2025-05-09 03:47:00,7.56,35.06,102313.4,116641.53
2025-05-09 03:48:00,20.32,51.78,101637.9,254494.98
2025-05-09 03:49:00,20.42,46.89,100744.61,291533.68
2025-05-09 03:50:00,21.46,23.65,620106.1,99591.4
2025-05-09 03:51:00,18.08,32.91,90614.36,187706.32
2025-05-09 03:52:00,23.4,52.6,115876.16,199926.6
2025-05-09 03:53:00,26.91,45.5,140842.25,172091.02
2025-05-09 03:54:00,13.29,37.41,38892.18,69204.62
2025-05-09 03:55:00,22.17,30.75,108904.62,79666.38
2025-05-09 03:56:00,23.53,30.26,91283.1,232955.13
2025-05-09 03:57:00,20.81,26.93,87074.6,262370.3
2025-05-09 03:58:00,26.1,47.92,101715.86,207158.9
2025-05-09 03:59:00,21.28,35.08,108866.4,280907.73
2025-05-09 04:00:00,16.23,51.53,91731.76,267596.1
2025-05-09 04:01:00,10.74,44.23,681443.31,274022.15
2025-05-09 04:02:00,20.28,54.84,119435.02,199968.82
2025-05-09 04:03:00,31.78,35.28,62522.0,225570.66
2025-05-09 04:04:00,22.46,44.98,101380.01,1056691.87
2025-05-09 04:05:00,12.22,50.05,85529.67,194346.95
2025-05-09 04:06:00,23.43,54.46,121522.62,230063.87
2025-05-09 04:07:00,23.75,35.31,109085.07,220163.69
2025-05-09 04:08:00,25.55,51.2,122897.88,144571.54
2025-05-09 04:09:00,18.46,32.98,109985.35,61804.64
2025-05-09 04:10:00,9.41,16.61,62057.34,129377.13
2025-05-09 04:11:00,14.44,57.39,90698.33,121962.65
2025-05-09 04:12:00,11.47,34.0,83196.09,226918.36
2025-05-09 04:13:00,20.8,58.4,96276.46,171497.64
2025-05-09 04:14:00,16.31,22.97,113850.45,213466.5
2025-05-09 04:15:00,12.47,46.37,106582.73,190208.24
2025-05-09 04:16:00,21.39,41.94,111224.77,121838.54
2025-05-09 04:17:00,15.1,51.24,123027.1,146894.46
2025-05-09 04:18:00,15.72,48.16,88712.13,296248.16
2025-05-09 04:19:00,23.16,40.78,129885.34,302616.76
2025-05-09 04:20:00,23.45,39.37,100338.47,233514.54
2025-05-09 04:21:00,24.34,30.73,92054.85,104267.5
2025-05-09 04:22:00,26.97,39.45,110497.6,200164.37
2025-05-09 04:23:00,18.0,41.44,80069.85,328200.84
2025-05-09 04:24:00,22.9,31.95,91619.58,195488.88
2025-05-09 04:25:00,21.22,49.69,61331.51,240799.76
2025-05-09 04:26:00,19.01,47.6,110190.51,244819.69
2025-05-09 04:27:00,25.81,31.9,75269.61,286661.06
2025-05-09 04:28:00,19.24,58.82,119708.33,159797.93
2025-05-09 04:29:00,24.92,38.05,93028.3,226557.31
2025-05-09 04:30:00,18.59,52.25,97228.67,172012.83
2025-05-09 04:31:00,26.36,39.92,96682.73,185269.44
2025-05-09 04:32:00,24.1,51.15,97943.5,297901.1
2025-05-09 04:33:00,21.49,45.25,127236.62,274228.58
2025-05-09 04:34:00,17.18,48.08,102946.02,213071.89
2025-05-09 04:35:00,24.53,40.53,133203.88,202980.44
2025-05-09 04:36:00,18.49,46.91,102509.04,188649.92
2025-05-09 04:37:00,27.13,57.6,108906.44,140200.32
2025-05-09 04:38:00,24.55,45.85,91231.3,125272.16
2025-05-09 04:39:00,17.41,38.33,101586.95,206050.33
2025-05-09 04:40:00,17.29,40.6,81149.16,230069.48
2025-05-09 04:41:00,22.22,35.83,106261.0,171287.61
2025-05-09 04:42:00,25.13,59.32,96469.06,190560.92
2025-05-09 04:43:00,14.86,39.98,122585.96,214928.34
2025-05-09 04:44:00,17.3,53.12,78703.12,329509.74
2025-05-09 04:45:00,18.72,41.43,82323.71,224530.89
2025-05-09 04:46:00,23.64,45.0,83681.18,179926.72
2025-05-09 04:47:00,16.75,48.02,110421.69,180029.17
2025-05-09 04:48:00,24.88,35.25,126285.61,188677.65
2025-05-09 04:49:00,25.96,33.81,111022.78,314088.01
2025-05-09 04:50:00,17.82,53.73,119538.31,187755.04
2025-05-09 04:51:00,22.23,48.09,119589.01,167196.23
2025-05-09 04:52:00,18.35,20.66,86763.67,245137.62
2025-05-09 04:53:00,19.49,46.7,100383.71,151597.9
2025-05-09 04:54:00,19.74,27.26,117738.08,171745.13
2025-05-09 04:55:00,14.78,39.18,126941.81,189982.38
2025-05-09 04:56:00,19.2,41.82,83358.6,225720.6
2025-05-09 04:57:00,23.1,36.11,101044.06,109409.03
2025-05-09 04:58:00,23.65,32.59,71910.8,232233.18
2025-05-09 04:59:00,19.9,37.63,108212.12,231619.31
2025-05-09 05:00:00,24.49,52.09,69575.54,142984.75
2025-05-09 05:01:00,33.61,33.54,118946.44,182145.22
2025-05-09 05:02:00,18.75,39.14,96144.97,211943.99
2025-05-09 05:03:00,12.04,35.24,143198.13,256617.28
2025-05-09 05:04:00,8.2,24.64,134224.94,171522.3
2025-05-09 05:05:00,24.73,19.96,94115.39,185895.72
2025-05-09 05:06:00,19.92,46.97,124405.41,170414.32
2025-05-09 05:07:00,16.5,29.29,108435.33,170794.49
2025-05-09 05:08:00,32.97,46.67,88347.99,124951.28
2025-05-09 05:09:00,22.56,42.9,66896.57,154735.54
2025-05-09 05:10:00,16.42,44.9,103422.98,245046.36
2025-05-09 05:11:00,15.14,31.79,97690.01,224840.58
2025-05-09 05:12:00,24.85,37.24,89330.91,153887.35
2025-05-09 05:13:00,26.82,30.25,95490.7,132395.22
2025-05-09 05:14:00,25.51,44.62,88050.17,164489.68
2025-05-09 05:15:00,19.23,40.34,96874.15,168137.22
2025-05-09 05:16:00,19.83,32.55,95438.62,209606.23
2025-05-09 05:17:00,13.77,25.05,73990.94,173689.76
2025-05-09 05:18:00,18.01,40.08,101083.93,142373.12
2025-05-09 05:19:00,13.68,38.64,104275.41,196754.33
2025-05-09 05:20:00,18.32,33.05,133210.1,185103.62
2025-05-09 05:21:00,14.13,37.47,135385.1,182662.05
2025-05-09 05:22:00,19.18,49.64,127488.58,245372.93
2025-05-09 05:23:00,28.18,48.9,122236.15,288778.09
2025-05-09 05:24:00,18.18,40.26,107535.45,162703.61
2025-05-09 05:25:00,19.97,51.98,130369.29,256974.46
2025-05-09 05:26:00,12.81,33.85,100812.68,183723.12
2025-05-09 05:27:00,20.0,28.58,96537.6,181497.68
2025-05-09 05:28:00,23.45,30.74,134311.17,207718.91
2025-05-09 05:29:00,24.68,41.03,107762.04,117049.07
2025-05-09 05:30:00,19.43,39.95,95927.77,148510.67
2025-05-09 05:31:00,16.64,31.39,126065.26,202567.26
2025-05-09 05:32:00,19.37,31.2,80990.71,258777.63
2025-05-09 05:33:00,6.7,42.96,97737.57,259823.92
2025-05-09 05:34:00,18.17,48.87,109527.7,241949.25
2025-05-09 05:35:00,24.71,36.6,157218.38,147422.29
2025-05-09 05:36:00,17.69,36.73,72274.16,248662.2
2025-05-09 05:37:00,20.24,55.33,73168.19,196961.28
2025-05-09 05:38:00,21.25,49.37,99826.68,167605.9
2025-05-09 05:39:00,17.69,36.04,110666.82,156698.39
2025-05-09 05:40:00,16.43,36.88,84950.65,294892.19
2025-05-09 05:41:00,19.81,47.13,99787.98,192756.19
2025-05-09 05:42:00,10.45,39.64,105818.25,248339.97
2025-05-09 05:43:00,22.98,50.79,99931.07,276297.81
2025-05-09 05:44:00,34.58,28.5,111296.38,252711.55
2025-05-09 05:45:00,14.41,48.83,111502.19,156276.97
2025-05-09 05:46:00,17.66,31.0,82698.84,179806.29
2025-05-09 05:47:00,20.83,37.68,86063.68,144441.82
2025-05-09 05:48:00,21.24,45.09,73424.77,152687.8
2025-05-09 05:49:00,20.8,56.06,87813.87,228864.3
2025-05-09 05:50:00,21.96,33.69,121558.15,246820.35
2025-05-09 05:51:00,15.39,40.46,66113.43,206138.6
2025-05-09 05:52:00,17.79,41.24,99567.48,129032.02
2025-05-09 05:53:00,25.84,44.76,110876.73,274582.61
2025-05-09 05:54:00,20.46,29.96,101354.44,239868.7
2025-05-09 05:55:00,26.18,23.78,101374.42,151621.21
2025-05-09 05:56:00,8.53,35.66,112723.23,189725.69
2025-05-09 05:57:00,21.86,33.6,92164.26,245126.74
2025-05-09 05:58:00,14.75,32.83,118122.34,180718.28
2025-05-09 05:59:00,18.34,54.04,95084.04,227079.83
2025-05-09 06:00:00,13.76,32.49,117373.89,160227.1
2025-05-09 06:01:00,19.65,51.85,93145.4,161029.46
2025-05-09 06:02:00,24.98,42.39,116288.43,185071.79
2025-05-09 06:03:00,29.6,33.39,114656.27,247117.54
2025-05-09 06:04:00,33.31,51.79,149647.06,221499.35
2025-05-09 06:05:00,10.9,64.13,125029.86,243267.53
2025-05-09 06:06:00,27.09,45.45,92365.48,193889.94
2025-05-09 06:07:00,18.0,34.55,93169.97,193915.84
2025-05-09 06:08:00,27.1,30.52,93583.25,163437.33
2025-05-09 06:09:00,12.32,27.72,90974.62,247085.21
2025-05-09 06:10:00,22.73,46.07,108994.52,163391.09
2025-05-09 06:11:00,14.68,52.36,97652.58,220177.66
2025-05-09 06:12:00,21.93,35.88,97574.72,207396.86
2025-05-09 06:13:00,13.91,39.31,76210.41,235447.81
2025-05-09 06:14:00,16.87,34.79,96078.05,222746.3
2025-05-09 06:15:00,18.44,52.72,99456.2,212635.07
2025-05-09 06:16:00,22.51,44.86,101291.59,156762.52
2025-05-09 06:17:00,28.26,40.35,92683.34,290853.43
2025-05-09 06:18:00,25.96,50.4,58198.01,72130.27
2025-05-09 06:19:00,34.69,40.74,134986.45,196592.11
2025-05-09 06:20:00,13.16,56.54,116311.4,178659.04
2025-05-09 06:21:00,16.74,56.96,104711.3,121923.08
2025-05-09 06:22:00,16.73,30.81,103494.81,252433.33
2025-05-09 06:23:00,15.39,42.91,139258.44,200232.05
2025-05-09 06:24:00,18.64,51.07,129138.89,208355.11
2025-05-09 06:25:00,22.83,44.64,111318.59,261107.68
2025-05-09 06:26:00,17.82,34.61,100710.05,246240.87
2025-05-09 06:27:00,29.38,31.16,63124.59,178589.81
2025-05-09 06:28:00,15.45,24.8,100418.93,208608.89
2025-05-09 06:29:00,19.5,41.05,105399.23,238361.22
2025-05-09 06:30:00,23.23,40.91,74327.24,222839.21
2025-05-09 06:31:00,18.57,35.33,97121.54,101201.65
2025-05-09 06:32:00,29.52,51.49,75036.69,161713.37
2025-05-09 06:33:00,21.38,36.44,97715.13,188221.36
2025-05-09 06:34:00,10.15,43.88,105445.23,301144.49
2025-05-09 06:35:00,24.49,34.49,105757.1,198600.17
2025-05-09 06:36:00,21.56,40.82,79613.78,121586.59
2025-05-09 06:37:00,13.94,38.35,93434.61,210672.22
2025-05-09 06:38:00,15.97,52.69,87692.5,289383.74
2025-05-09 06:39:00,29.79,40.68,95832.35,178851.69
2025-05-09 06:40:00,21.63,45.48,133447.95,297669.39
2025-05-09 06:41:00,8.43,39.99,79335.77,158907.01
2025-05-09 06:42:00,25.11,44.38,120945.66,196460.49
2025-05-09 06:43:00,24.42,46.6,112033.32,191353.04
2025-05-09 06:44:00,19.23,30.05,96566.06,225297.36
2025-05-09 06:45:00,8.77,24.97,82292.53,85205.09
2025-05-09 06:46:00,20.14,28.2,113710.62,212989.64
2025-05-09 06:47:00,13.06,41.37,125647.64,214069.91
2025-05-09 06:48:00,24.54,21.02,98288.87,158645.81
2025-05-09 06:49:00,19.79,58.12,127513.79,1481568.43
2025-05-09 06:50:00,22.59,39.57,74974.12,233436.9
2025-05-09 06:51:00,9.13,33.49,90401.83,177660.38
2025-05-09 06:52:00,20.72,53.05,111314.32,247152.61
2025-05-09 06:53:00,18.87,40.12,114351.27,211597.57
2025-05-09 06:54:00,22.86,22.8,126323.13,172504.3
2025-05-09 06:55:00,22.22,36.17,101748.63,142519.99
2025-05-09 06:56:00,12.68,31.1,129973.74,220837.39
2025-05-09 06:57:00,14.33,23.24,83013.96,347750.96
2025-05-09 06:58:00,12.89,24.63,138972.81,287270.06
2025-05-09 06:59:00,16.78,50.28,120540.22,230441.94
2025-05-09 07:00:00,29.62,42.09,103899.86,186513.57
2025-05-09 07:01:00,14.09,35.56,118935.11,216150.77
2025-05-09 07:02:00,21.6,31.3,146026.71,103081.95
2025-05-09 07:03:00,22.8,21.81,95405.34,133260.33
2025-05-09 07:04:00,20.57,26.96,94897.69,181589.34
2025-05-09 07:05:00,25.53,30.79,93032.94,93415.25
2025-05-09 07:06:00,15.53,35.98,72451.01,180829.93
2025-05-09 07:07:00,21.05,46.89,149045.74,188251.32
2025-05-09 07:08:00,17.41,41.88,103179.98,210909.76
2025-05-09 07:09:00,10.57,39.01,140746.19,234105.41
2025-05-09 07:10:00,17.77,31.74,80854.75,255054.32
2025-05-09 07:11:00,14.73,41.98,110068.3,193234.98
2025-05-09 07:12:00,18.07,36.55,114775.74,149621.69
2025-05-09 07:13:00,14.16,36.96,96123.43,117784.51
2025-05-09 07:14:00,23.13,35.08,81907.04,275536.06
2025-05-09 07:15:00,27.56,24.47,65918.22,226473.1
2025-05-09 07:16:00,22.4,45.66,124347.24,199602.34
2025-05-09 07:17:00,28.91,38.05,121581.31,254076.56
2025-05-09 07:18:00,23.13,40.2,96253.3,210250.09
2025-05-09 07:19:00,99.07,45.63,132618.72,205573.08
2025-05-09 07:20:00,25.36,37.58,102339.77,181614.76
2025-05-09 07:21:00,19.41,41.72,73631.49,136653.58
2025-05-09 07:22:00,21.88,39.43,129400.32,245235.96
2025-05-09 07:23:00,20.0,40.68,79877.08,123782.73
2025-05-09 07:24:00,18.26,43.43,93498.69,199433.81
2025-05-09 07:25:00,17.99,40.86,95568.92,147211.17
2025-05-09 07:26:00,10.44,33.36,113804.13,208862.46
2025-05-09 07:27:00,20.45,65.71,106234.75,270605.68
2025-05-09 07:28:00,21.19,48.22,86953.03,201005.16
2025-05-09 07:29:00,14.97,54.38,106627.79,167859.3
2025-05-09 07:30:00,16.52,45.56,65089.97,160242.54
2025-05-09 07:31:00,23.28,36.62,128975.29,245843.18
2025-05-09 07:32:00,23.45,35.9,112215.42,153038.85
2025-05-09 07:33:00,18.89,41.12,97600.09,161350.09
2025-05-09 07:34:00,25.42,44.99,88843.49,187205.89
2025-05-09 07:35:00,21.53,34.07,61956.54,116789.24
2025-05-09 07:36:00,12.35,27.74,99544.01,212463.76
2025-05-09 07:37:00,25.86,59.78,85975.48,197985.76
2025-05-09 07:38:00,18.01,57.57,98093.79,204802.95
2025-05-09 07:39:00,22.96,20.37,73903.2,216702.49
2025-05-09 07:40:00,22.6,42.45,98109.27,189912.17
2025-05-09 07:41:00,23.08,43.67,96793.68,219901.53
2025-05-09 07:42:00,20.52,30.82,108442.25,210836.69
2025-05-09 07:43:00,13.9,40.86,103171.44,186787.26
2025-05-09 07:44:00,11.83,27.74,87284.48,173428.63
2025-05-09 07:45:00,22.24,44.89,109896.52,161877.69
2025-05-09 07:46:00,11.1,32.85,102300.16,176469.41
2025-05-09 07:47:00,20.66,41.88,112147.84,323689.06
2025-05-09 07:48:00,18.48,41.05,107301.67,350926.83
2025-05-09 07:49:00,17.88,44.0,107285.71,209406.33
2025-05-09 07:50:00,4.29,48.08,107408.43,166474.14
2025-05-09 07:51:00,26.27,40.38,104555.5,223583.08
2025-05-09 07:52:00,14.03,26.49,55584.63,226680.96
2025-05-09 07:53:00,30.18,25.28,126230.74,240604.92
2025-05-09 07:54:00,23.69,44.98,54538.6,179928.67
2025-05-09 07:55:00,17.83,42.52,115388.74,233523.58
2025-05-09 07:56:00,20.47,50.41,90733.71,230717.12
2025-05-09 07:57:00,25.03,44.25,124465.39,274216.81
2025-05-09 07:58:00,14.92,35.69,70450.88,170858.04
2025-05-09 07:59:00,19.38,34.12,68531.81,160710.56
2025-05-09 08:00:00,19.99,30.64,109098.9,191438.14
2025-05-09 08:01:00,11.01,31.4,57669.91,218188.34
2025-05-09 08:02:00,20.77,37.4,111003.68,188462.16
2025-05-09 08:03:00,19.08,33.04,92734.9,190208.17
2025-05-09 08:04:00,19.93,28.65,82359.49,224095.03
2025-05-09 08:05:00,24.76,34.29,93427.06,205837.43
2025-05-09 08:06:00,22.02,32.21,88062.21,125711.19
2025-05-09 08:07:00,23.05,48.01,141654.52,195917.79
2025-05-09 08:08:00,28.48,23.05,122215.33,116257.24
2025-05-09 08:09:00,17.64,38.14,82044.08,169688.91
2025-05-09 08:10:00,28.84,21.08,88012.93,259177.74
2025-05-09 08:11:00,23.07,46.36,115290.22,274918.42
2025-05-09 08:12:00,15.48,42.45,87484.38,277699.65
2025-05-09 08:13:00,23.99,49.71,101538.52,171215.81
2025-05-09 08:14:00,25.47,41.11,91868.44,240820.48
2025-05-09 08:15:00,24.06,41.46,76986.71,203836.44
2025-05-09 08:16:00,15.78,32.73,112499.38,206727.23
2025-05-09 08:17:00,20.02,54.18,80664.69,245943.55
2025-05-09 08:18:00,25.98,99.53,91586.77,239482.29
2025-05-09 08:19:00,16.15,50.38,99362.17,252827.65
2025-05-09 08:20:00,18.61,45.57,97192.52,173993.25
2025-05-09 08:21:00,17.77,34.5,130664.62,82055.98
2025-05-09 08:22:00,24.31,51.21,111858.48,139514.7
2025-05-09 08:23:00,20.1,44.25,65676.52,118403.18
2025-05-09 08:24:00,21.26,21.0,93675.69,251492.41
2025-05-09 08:25:00,23.34,33.37,104082.2,241274.06
2025-05-09 08:26:00,23.77,42.44,89160.79,277892.99
2025-05-09 08:27:00,14.5,43.11,101426.58,159615.57
2025-05-09 08:28:00,14.91,36.03,121691.02,179485.05
2025-05-09 08:29:00,19.27,40.85,101000.52,218758.76
2025-05-09 08:30:00,18.81,45.32,90910.43,242854.77
2025-05-09 08:31:00,15.18,44.8,92143.73,193039.27
2025-05-09 08:32:00,19.69,37.04,92976.38,236525.06
2025-05-09 08:33:00,12.11,35.88,79223.27,182985.36
2025-05-09 08:34:00,26.99,27.17,123740.0,242816.48
2025-05-09 08:35:00,18.66,29.89,73148.97,161242.15
2025-05-09 08:36:00,21.98,23.63,79322.97,277179.19
2025-05-09 08:37:00,25.37,38.44,94655.53,368611.15
2025-05-09 08:38:00,17.83,50.2,84863.06,197072.42
2025-05-09 08:39:00,17.75,54.53,90690.43,200053.54
2025-05-09 08:40:00,15.06,47.56,90663.73,147949.27
2025-05-09 08:41:00,16.07,35.16,76725.05,213909.24
2025-05-09 08:42:00,25.33,39.96,65108.58,181447.8
2025-05-09 08:43:00,9.64,43.76,84441.42,199251.26
2025-05-09 08:44:00,25.02,33.06,94873.13,217672.45
2025-05-09 08:45:00,25.12,26.22,136438.18,86359.31
2025-05-09 08:46:00,17.79,54.54,127460.51,208658.59
2025-05-09 08:47:00,24.56,44.55,93256.69,224733.41
2025-05-09 08:48:00,25.44,21.47,133172.22,128111.18
2025-05-09 08:49:00,20.16,36.96,88491.54,320844.99
2025-05-09 08:50:00,14.19,42.3,60538.54,238385.36
2025-05-09 08:51:00,26.31,54.08,122188.17,240088.5
2025-05-09 08:52:00,15.18,41.09,92336.82,192545.51
2025-05-09 08:53:00,16.78,46.04,85466.93,275185.85
2025-05-09 08:54:00,22.47,63.36,95706.18,250274.38
2025-05-09 08:55:00,18.82,46.8,122378.2,221162.41
2025-05-09 08:56:00,11.75,29.03,100827.42,200405.33
2025-05-09 08:57:00,15.62,40.26,101866.76,174848.81
2025-05-09 08:58:00,14.87,29.49,113021.2,131993.93
2025-05-09 08:59:00,27.58,40.87,87793.3,187180.78
2025-05-09 09:00:00,20.45,32.25,97790.88,243469.1
2025-05-09 09:01:00,19.74,37.42,112772.41,274620.46
2025-05-09 09:02:00,22.53,40.29,147705.49,156179.06
2025-05-09 09:03:00,18.83,42.95,108621.66,202546.87
2025-05-09 09:04:00,21.49,45.94,62820.89,142613.3
2025-05-09 09:05:00,13.47,51.86,119022.57,213381.22
2025-05-09 09:06:00,22.17,33.49,72140.24,212380.18
2025-05-09 09:07:00,14.57,34.96,99834.04,118624.64
2025-05-09 09:08:00,12.47,39.62,83276.25,221591.11
2025-05-09 09:09:00,9.88,45.01,77549.48,181966.01
2025-05-09 09:10:00,18.16,31.74,81285.36,192000.56
2025-05-09 09:11:00,25.92,37.29,65164.96,165587.07
2025-05-09 09:12:00,23.66,34.42,115163.27,158484.55
2025-05-09 09:13:00,96.58,37.4,48047.5,247482.67
2025-05-09 09:14:00,23.0,39.8,111199.88,256296.19
2025-05-09 09:15:00,29.46,41.9,111958.83,148299.09
2025-05-09 09:16:00,15.98,42.07,123729.18,150506.05
2025-05-09 09:17:00,19.87,30.46,107765.72,145062.91
2025-05-09 09:18:00,27.42,42.67,133229.22,250502.18
2025-05-09 09:19:00,24.47,26.12,86330.25,128010.84
2025-05-09 09:20:00,16.53,42.26,94658.0,173250.21
2025-05-09 09:21:00,10.35,39.59,114642.95,149953.86
2025-05-09 09:22:00,90.3,27.05,95066.23,128014.03
2025-05-09 09:23:00,17.08,8.07,90637.42,217855.13
2025-05-09 09:24:00,14.72,43.22,139238.59,186586.04
2025-05-09 09:25:00,15.96,48.25,551633.4,191691.18
2025-05-09 09:26:00,22.07,28.16,100304.94,146630.35
2025-05-09 09:27:00,24.54,25.6,103572.87,155799.33
2025-05-09 09:28:00,20.46,43.05,130604.7,208556.12
2025-05-09 09:29:00,20.46,36.32,54105.69,240563.26
2025-05-09 09:30:00,28.13,48.52,94558.68,196344.91
2025-05-09 09:31:00,19.08,49.22,126547.31,196700.63
2025-05-09 09:32:00,23.33,38.61,96060.42,202175.44
2025-05-09 09:33:00,18.14,21.39,125303.56,148295.66
2025-05-09 09:34:00,30.59,44.49,103715.85,202343.43
2025-05-09 09:35:00,24.36,44.13,84332.97,258524.29
2025-05-09 09:36:00,17.69,51.52,111962.46,234747.59
2025-05-09 09:37:00,15.92,51.63,71165.67,193128.45
2025-05-09 09:38:00,23.13,24.0,102597.23,135420.29
2025-05-09 09:39:00,21.13,41.06,89808.38,244840.66
2025-05-09 09:40:00,16.63,42.83,118880.13,107208.74
2025-05-09 09:41:00,16.25,35.69,94091.78,200424.56
2025-05-09 09:42:00,20.09,38.29,53614.66,310421.05
2025-05-09 09:43:00,22.21,37.24,66168.91,175028.74
2025-05-09 09:44:00,21.16,28.52,79475.1,210765.09
2025-05-09 09:45:00,24.44,47.28,139127.53,231300.62
2025-05-09 09:46:00,24.82,39.66,114670.33,177520.25
2025-05-09 09:47:00,13.45,38.4,100209.74,235919.94
2025-05-09 09:48:00,25.25,47.89,93871.59,150814.23
2025-05-09 09:49:00,25.61,37.8,127404.34,304538.91
2025-05-09 09:50:00,21.53,52.62,96451.87,159488.57
2025-05-09 09:51:00,28.47,44.0,78716.34,212594.33
2025-05-09 09:52:00,20.13,29.87,69002.6,237432.66
2025-05-09 09:53:00,21.91,47.72,145381.28,228737.64
2025-05-09 09:54:00,22.7,34.39,71076.59,180797.14
2025-05-09 09:55:00,23.52,34.47,141493.61,174329.33
2025-05-09 09:56:00,19.88,29.91,113301.58,88476.47
2025-05-09 09:57:00,9.02,41.58,86102.87,226363.94
2025-05-09 09:58:00,23.34,33.14,106729.0,293375.57
2025-05-09 09:59:00,19.85,41.79,70168.67,209327.57
2025-05-09 10:00:00,19.05,43.54,113051.66,204492.95
2025-05-09 10:01:00,8.08,43.14,102165.46,150044.42
2025-05-09 10:02:00,22.02,39.85,92422.35,203378.83
2025-05-09 10:03:00,33.87,43.6,116424.38,230280.46
2025-05-09 10:04:00,27.95,45.6,94316.22,73934.54
2025-05-09 10:05:00,22.92,29.63,91437.27,172597.07
2025-05-09 10:06:00,17.67,36.96,111512.95,191779.55
2025-05-09 10:07:00,22.28,50.77,101469.99,202361.03
2025-05-09 10:08:00,28.0,40.1,82212.13,193156.22
2025-05-09 10:09:00,14.49,39.52,96948.55,170898.93
2025-05-09 10:10:00,22.02,34.31,100535.45,139985.65
2025-05-09 10:11:00,23.8,42.09,86909.69,248411.43
2025-05-09 10:12:00,28.0,43.23,123937.07,212887.19
2025-05-09 10:13:00,15.5,52.46,115747.08,183170.25
2025-05-09 10:14:00,22.62,58.98,62642.05,198559.2
2025-05-09 10:15:00,24.8,36.72,94734.4,128303.4
2025-05-09 10:16:00,23.95,39.4,70864.37,219959.63
2025-05-09 10:17:00,17.14,40.5,101199.14,275333.35
2025-05-09 10:18:00,90.38,36.27,87557.6,232723.51
2025-05-09 10:19:00,28.86,36.05,73080.32,146658.82
2025-05-09 10:20:00,19.3,46.15,79298.18,201600.22
2025-05-09 10:21:00,12.29,50.48,114935.17,197294.37
2025-05-09 10:22:00,26.07,44.81,104114.95,147715.86
2025-05-09 10:23:00,24.66,31.65,150823.75,218368.61
2025-05-09 10:24:00,14.04,60.01,100243.71,168413.67
2025-05-09 10:25:00,18.9,46.66,109470.91,214476.94
2025-05-09 10:26:00,19.19,30.8,113112.83,342492.72
2025-05-09 10:27:00,22.31,43.9,122829.9,216493.0
2025-05-09 10:28:00,23.66,54.24,68657.76,220491.44
2025-05-09 10:29:00,17.89,61.21,55579.27,116597.72
2025-05-09 10:30:00,13.9,42.09,95617.47,223347.69
2025-05-09 10:31:00,28.34,35.73,109123.89,163340.2
2025-05-09 10:32:00,19.97,41.29,89802.99,214081.71
2025-05-09 10:33:00,23.76,36.7,131362.92,75953.91
2025-05-09 10:34:00,12.89,44.51,99537.28,269967.66
2025-05-09 10:35:00,29.29,38.95,70171.7,190971.54
2025-05-09 10:36:00,20.54,39.03,131999.09,152120.23
2025-05-09 10:37:00,14.01,37.07,80666.23,270947.72
2025-05-09 10:38:00,22.09,41.88,131946.03,289567.84
2025-05-09 10:39:00,12.57,43.71,130651.02,182585.72
2025-05-09 10:40:00,20.54,35.08,90933.78,161736.99
2025-05-09 10:41:00,16.69,35.16,103818.67,173313.17
2025-05-09 10:42:00,10.63,27.0,91129.57,138065.09
2025-05-09 10:43:00,21.17,61.6,117284.03,185872.43
2025-05-09 10:44:00,17.15,51.54,87067.81,185575.99
2025-05-09 10:45:00,6.55,32.53,67781.98,269838.61
2025-05-09 10:46:00,20.68,20.35,126642.35,215419.44
2025-05-09 10:47:00,20.36,37.34,86307.08,202818.69
2025-05-09 10:48:00,22.46,36.22,132513.21,197392.57
2025-05-09 10:49:00,12.78,28.23,111090.81,239246.02
2025-05-09 10:50:00,17.52,48.09,108248.33,294005.65
2025-05-09 10:51:00,18.15,47.07,93118.55,320498.2
2025-05-09 10:52:00,20.26,30.51,97609.88,208345.17
2025-05-09 10:53:00,18.93,46.68,110935.71,199383.42
2025-05-09 10:54:00,19.16,33.91,102697.93,113503.75
2025-05-09 10:55:00,18.25,32.9,113330.5,236154.56
2025-05-09 10:56:00,8.85,45.01,86207.72,221152.98
2025-05-09 10:57:00,22.27,42.22,81109.37,62173.85
2025-05-09 10:58:00,21.87,36.07,120790.59,185055.68
2025-05-09 10:59:00,18.49,49.09,74069.51,248706.47
2025-05-09 11:00:00,28.57,39.83,101186.29,203726.33
2025-05-09 11:01:00,19.15,28.56,122093.08,240164.95
2025-05-09 11:02:00,21.83,49.9,86799.91,110785.0
2025-05-09 11:03:00,20.74,40.31,101683.48,203561.97
2025-05-09 11:04:00,25.36,49.52,89139.82,209799.53
2025-05-09 11:05:00,22.24,32.91,102839.45,154644.0
2025-05-09 11:06:00,17.17,35.9,70728.86,145813.93
2025-05-09 11:07:00,19.73,40.35,79499.57,179344.06
2025-05-09 11:08:00,19.87,31.3,102764.24,243001.99
2025-05-09 11:09:00,23.48,22.2,137760.26,195903.42
2025-05-09 11:10:00,12.52,40.15,101865.83,239278.24
2025-05-09 11:11:00,20.27,28.12,80504.82,199858.37
2025-05-09 11:12:00,33.58,90.12,72633.99,156010.31
2025-05-09 11:13:00,28.26,22.64,73076.92,171022.13
2025-05-09 11:14:00,27.18,55.82,105530.38,184120.73
2025-05-09 11:15:00,23.55,59.1,111047.71,184349.95
2025-05-09 11:16:00,12.52,27.22,65047.31,125942.14
2025-05-09 11:17:00,20.16,41.33,84957.41,240711.6
2025-05-09 11:18:00,17.45,34.06,113550.22,203264.09
2025-05-09 11:19:00,16.61,46.21,91768.91,310905.95
2025-05-09 11:20:00,14.17,40.41,135754.9,133171.12
2025-05-09 11:21:00,22.05,31.13,119532.34,162668.66
2025-05-09 11:22:00,7.52,18.54,100990.07,1117842.39
2025-05-09 11:23:00,22.99,45.31,90345.44,210629.86
2025-05-09 11:24:00,21.01,43.83,120010.41,218117.69
2025-05-09 11:25:00,26.62,29.2,91661.11,217164.07
2025-05-09 11:26:00,16.41,25.75,76606.99,197467.57
2025-05-09 11:27:00,15.53,49.37,113049.77,155160.22
2025-05-09 11:28:00,24.51,48.17,128282.56,220285.09
2025-05-09 11:29:00,12.21,37.82,70822.41,130263.54
2025-05-09 11:30:00,25.18,40.82,106006.55,198237.08
2025-05-09 11:31:00,22.84,47.6,83479.57,276708.42
2025-05-09 11:32:00,12.28,29.65,115759.51,235170.87
2025-05-09 11:33:00,28.13,33.13,76519.25,186719.06
2025-05-09 11:34:00,23.4,42.98,121097.36,131329.41
2025-05-09 11:35:00,21.52,34.55,89651.47,199199.29
2025-05-09 11:36:00,29.58,29.46,76328.81,210317.07
2025-05-09 11:37:00,22.35,37.6,123571.7,224583.17
2025-05-09 11:38:00,29.11,37.15,79355.02,226153.19
2025-05-09 11:39:00,9.97,17.47,90703.69,156738.13
2025-05-09 11:40:00,19.02,49.58,119489.18,212735.35
2025-05-09 11:41:00,13.43,60.33,110079.77,271905.96
2025-05-09 11:42:00,19.5,44.37,104744.93,206798.63
2025-05-09 11:43:00,21.61,39.4,102077.65,255724.26
2025-05-09 11:44:00,20.37,12.43,101269.99,119839.72
2025-05-09 11:45:00,21.73,37.24,72666.09,159080.75
2025-05-09 11:46:00,15.64,45.83,99012.91,277279.64
2025-05-09 11:47:00,17.8,29.15,104027.46,235992.09
2025-05-09 11:48:00,9.22,33.33,78085.76,304387.52
2025-05-09 11:49:00,23.42,46.36,92270.38,163672.71
2025-05-09 11:50:00,18.7,50.28,45569.65,158187.76
2025-05-09 11:51:00,17.33,34.57,111441.49,194135.02
2025-05-09 11:52:00,20.71,29.45,67359.19,257665.95
2025-05-09 11:53:00,14.42,41.73,118564.68,257872.61
2025-05-09 11:54:00,18.06,45.29,573206.83,223304.74
2025-05-09 11:55:00,19.79,47.65,96479.76,263395.94
2025-05-09 11:56:00,11.58,32.91,121999.44,276746.53
2025-05-09 11:57:00,10.21,18.66,93102.26,206613.65
2025-05-09 11:58:00,21.2,11.62,98857.5,165357.87
2025-05-09 11:59:00,26.35,27.89,81855.66,218651.44
2025-05-09 12:00:00,16.8,19.27,149495.67,268694.61
2025-05-09 12:01:00,14.91,33.02,82937.05,169704.89
2025-05-09 12:02:00,16.03,19.82,105974.56,222537.78
2025-05-09 12:03:00,25.83,42.26,85663.11,281904.06
2025-05-09 12:04:00,21.19,46.65,86725.15,322871.69
2025-05-09 12:05:00,14.54,28.66,138530.07,201578.85
2025-05-09 12:06:00,25.7,23.64,121826.24,168236.27
2025-05-09 12:07:00,21.25,34.04,112395.23,227226.43
2025-05-09 12:08:00,16.43,32.48,122127.35,248250.67
2025-05-09 12:09:00,19.08,20.02,70122.09,195276.6
2025-05-09 12:10:00,17.35,38.09,76855.05,169390.1
2025-05-09 12:11:00,24.47,52.43,124915.32,122348.43
2025-05-09 12:12:00,27.8,36.68,117501.06,110709.01
2025-05-09 12:13:00,16.65,29.1,79295.87,300430.05
2025-05-09 12:14:00,26.48,40.78,63317.18,161132.22
2025-05-09 12:15:00,27.4,25.75,102076.51,254319.83
2025-05-09 12:16:00,15.77,46.06,89140.72,159273.48
2025-05-09 12:17:00,17.96,35.44,82040.69,213901.97
2025-05-09 12:18:00,19.53,42.46,122577.88,188447.94
2025-05-09 12:19:00,19.96,46.69,109137.65,218503.74
2025-05-09 12:20:00,19.58,40.7,68303.52,194664.43
2025-05-09 12:21:00,8.2,45.48,109141.37,230699.68
2025-05-09 12:22:00,20.65,31.36,117768.98,236534.47
2025-05-09 12:23:00,21.81,28.29,100781.68,221182.56
2025-05-09 12:24:00,23.48,48.54,108276.22,175642.68
2025-05-09 12:25:00,26.89,61.08,106268.14,227185.59
2025-05-09 12:26:00,24.89,41.17,87255.09,198619.98
2025-05-09 12:27:00,20.57,50.35,107963.71,266895.21
2025-05-09 12:28:00,17.16,43.65,100484.53,170514.4
2025-05-09 12:29:00,17.7,47.46,106396.8,239873.92
2025-05-09 12:30:00,8.36,31.23,146725.41,235839.46
2025-05-09 12:31:00,27.35,30.19,110197.67,270089.33
2025-05-09 12:32:00,19.44,53.37,89515.88,241440.93
2025-05-09 12:33:00,16.58,40.24,123066.43,134796.27
2025-05-09 12:34:00,12.17,45.34,110927.52,276669.71
2025-05-09 12:35:00,20.97,39.42,87913.6,223058.82
2025-05-09 12:36:00,28.35,26.71,107491.8,192263.95
2025-05-09 12:37:00,16.38,40.21,54636.7,256032.48
2025-05-09 12:38:00,14.82,29.2,89035.29,168089.63
2025-05-09 12:39:00,21.67,39.36,78959.33,107613.42
2025-05-09 12:40:00,17.86,44.72,129839.14,206984.87
2025-05-09 12:41:00,17.94,38.79,119611.17,136669.25
2025-05-09 12:42:00,22.68,41.31,103638.56,157716.94
2025-05-09 12:43:00,17.89,41.74,74255.33,126493.01
2025-05-09 12:44:00,14.87,47.99,86108.84,156011.45
2025-05-09 12:45:00,18.94,44.26,94827.26,129887.69
2025-05-09 12:46:00,91.41,56.55,91420.97,169792.03
2025-05-09 12:47:00,26.43,53.61,131081.15,187615.11
2025-05-09 12:48:00,25.02,37.06,112375.93,170467.15
2025-05-09 12:49:00,17.6,29.1,114579.17,135566.89
2025-05-09 12:50:00,18.37,32.32,104875.94,221556.64
2025-05-09 12:51:00,26.53,35.18,95511.03,145120.23
2025-05-09 12:52:00,99.83,55.54,138071.95,328451.29
2025-05-09 12:53:00,20.15,47.12,102520.45,188788.53
2025-05-09 12:54:00,19.25,28.68,79851.87,267726.91
2025-05-09 12:55:00,32.01,48.91,65027.19,239509.38
2025-05-09 12:56:00,11.64,22.68,68020.62,226869.59
2025-05-09 12:57:00,16.16,17.95,64525.23,222322.46
2025-05-09 12:58:00,19.93,34.6,104475.46,319884.73
2025-05-09 12:59:00,21.3,92.28,99567.86,223318.95
2025-05-09 13:00:00,28.83,44.5,75258.63,88100.83
2025-05-09 13:01:00,25.28,47.8,97535.38,184933.63
2025-05-09 13:02:00,25.8,46.62,108543.56,173417.6
2025-05-09 13:03:00,18.71,52.09,110972.0,225579.86
2025-05-09 13:04:00,33.96,27.44,86505.33,283875.31
2025-05-09 13:05:00,22.97,38.39,76933.35,269725.71
2025-05-09 13:06:00,23.61,37.62,134774.02,260111.82
2025-05-09 13:07:00,18.44,43.05,142978.53,213606.71
2025-05-09 13:08:00,12.8,39.63,115623.83,119739.27
2025-05-09 13:09:00,18.18,35.15,128498.38,208740.04
2025-05-09 13:10:00,26.27,37.69,122546.77,279503.39
2025-05-09 13:11:00,23.95,36.13,105952.99,267349.07
2025-05-09 13:12:00,16.37,29.86,103118.95,170357.37
2025-05-09 13:13:00,22.23,39.53,62714.55,239343.27
2025-05-09 13:14:00,22.88,41.4,88036.8,145689.85
2025-05-09 13:15:00,19.53,29.07,118887.2,313750.76
2025-05-09 13:16:00,25.51,45.75,90241.93,200793.87
2025-05-09 13:17:00,18.02,57.09,121464.09,224251.07
2025-05-09 13:18:00,9.52,44.03,124103.37,197811.41
2025-05-09 13:19:00,96.19,45.84,73800.83,217047.05
2025-05-09 13:20:00,15.03,60.94,103365.83,168539.19
2025-05-09 13:21:00,21.35,35.75,112460.22,275127.44
2025-05-09 13:22:00,16.45,40.16,106476.74,123772.45
2025-05-09 13:23:00,36.32,39.93,90301.2,164323.03
2025-05-09 13:24:00,26.62,54.27,98671.8,281938.62
2025-05-09 13:25:00,21.66,49.71,130324.36,219880.33
2025-05-09 13:26:00,19.87,19.44,97654.56,66970.1
2025-05-09 13:27:00,20.65,32.74,116206.02,222682.02
2025-05-09 13:28:00,17.64,36.99,109810.88,165241.15
2025-05-09 13:29:00,15.57,55.03,88988.13,183477.65
2025-05-09 13:30:00,16.86,43.49,107086.67,214785.03
2025-05-09 13:31:00,7.02,49.04,125573.01,77063.86
2025-05-09 13:32:00,16.98,29.42,123803.53,233465.79
2025-05-09 13:33:00,21.69,50.62,102781.16,288500.65
2025-05-09 13:34:00,19.12,40.13,86720.95,272022.56
2025-05-09 13:35:00,25.06,40.97,92115.11,166716.79
2025-05-09 13:36:00,21.46,32.29,92395.29,186104.2
2025-05-09 13:37:00,23.91,34.91,134362.32,218947.02
2025-05-09 13:38:00,15.73,14.92,65087.75,244653.4
2025-05-09 13:39:00,26.75,58.28,110940.72,192809.59
2025-05-09 13:40:00,23.23,32.49,79911.69,229104.07
2025-05-09 13:41:00,17.61,32.11,125619.2,215775.31
2025-05-09 13:42:00,14.19,44.45,77845.25,143531.22
2025-05-09 13:43:00,25.76,31.4,99405.05,179738.44
2025-05-09 13:44:00,22.75,50.96,131278.02,146448.63
2025-05-09 13:45:00,11.82,61.44,81307.5,198765.54
2025-05-09 13:46:00,26.72,32.84,97670.78,305526.79
2025-05-09 13:47:00,20.23,21.26,75205.17,191358.89
2025-05-09 13:48:00,13.99,32.36,85673.19,201469.32
2025-05-09 13:49:00,34.08,50.19,131298.57,246282.59
2025-05-09 13:50:00,25.82,48.39,65301.01,97104.95
2025-05-09 13:51:00,19.69,37.2,134913.91,163823.41
2025-05-09 13:52:00,25.01,33.65,79149.55,218182.86
2025-05-09 13:53:00,16.53,8.83,70469.25,190818.41
2025-05-09 13:54:00,25.61,32.95,78563.12,148458.44
2025-05-09 13:55:00,27.64,59.5,110569.8,157325.39
2025-05-09 13:56:00,13.96,38.9,100738.27,228384.09
2025-05-09 13:57:00,17.46,22.43,130172.22,179184.87
2025-05-09 13:58:00,22.86,41.82,100549.27,181418.45
2025-05-09 13:59:00,19.57,46.63,121501.49,230214.72
2025-05-09 14:00:00,19.89,11.98,65585.42,202540.95
2025-05-09 14:01:00,21.86,20.41,96529.24,202821.41
2025-05-09 14:02:00,13.56,47.91,77589.97,151899.32
2025-05-09 14:03:00,26.4,49.29,109988.32,79750.91
2025-05-09 14:04:00,16.49,40.15,95136.05,167169.6
2025-05-09 14:05:00,24.75,38.73,116297.59,240331.22
2025-05-09 14:06:00,14.46,44.79,103575.41,287541.21
2025-05-09 14:07:00,23.27,46.3,85047.22,316085.35
2025-05-09 14:08:00,12.13,11.98,85338.75,198709.09
2025-05-09 14:09:00,25.54,48.87,113057.99,243049.64
2025-05-09 14:10:00,14.94,44.06,112665.61,137900.4
2025-05-09 14:11:00,16.56,62.3,106766.16,233749.72
2025-05-09 14:12:00,19.52,51.95,109750.61,249584.1
2025-05-09 14:13:00,18.99,31.87,60233.71,234344.21
2025-05-09 14:14:00,18.51,52.86,121704.59,187078.91
2025-05-09 14:15:00,19.22,45.48,133729.43,205536.29
2025-05-09 14:16:00,13.07,34.0,119796.58,237837.38
2025-05-09 14:17:00,27.15,54.76,120673.39,137400.56
2025-05-09 14:18:00,24.61,50.85,99897.89,248735.83
2025-05-09 14:19:00,18.76,41.11,114042.15,200465.25
2025-05-09 14:20:00,21.96,40.12,100548.71,252583.23
2025-05-09 14:21:00,17.17,43.05,97015.51,253370.37
2025-05-09 14:22:00,18.03,31.66,95314.32,200884.07
2025-05-09 14:23:00,13.14,37.78,96670.86,181507.74
2025-05-09 14:24:00,21.97,48.61,88979.56,135815.16
2025-05-09 14:25:00,17.25,52.02,89387.61,257786.89
2025-05-09 14:26:00,20.51,64.49,98583.29,167371.44
2025-05-09 14:27:00,21.24,41.08,66008.87,305973.65
2025-05-09 14:28:00,17.19,49.06,117128.3,109422.29
2025-05-09 14:29:00,24.2,43.73,105493.5,176779.43
2025-05-09 14:30:00,27.21,43.48,97387.35,259094.37
2025-05-09 14:31:00,21.52,32.99,97266.12,282635.27
2025-05-09 14:32:00,20.8,25.07,90767.13,181193.28
2025-05-09 14:33:00,17.42,44.33,72846.6,208825.87
2025-05-09 14:34:00,17.57,43.65,80496.29,310429.76
2025-05-09 14:35:00,19.95,33.79,94816.58,220211.76
2025-05-09 14:36:00,7.52,27.6,121180.77,165191.09
2025-05-09 14:37:00,20.95,35.86,85358.52,209234.26
2025-05-09 14:38:00,27.41,25.89,85448.35,208347.68
2025-05-09 14:39:00,18.34,38.78,84678.93,270365.75
2025-05-09 14:40:00,18.89,33.49,140941.18,176875.02
2025-05-09 14:41:00,24.25,42.53,108319.4,184643.11
2025-05-09 14:42:00,17.72,50.68,94534.83,297794.1
2025-05-09 14:43:00,21.48,48.92,74168.46,1134960.45
2025-05-09 14:44:00,16.34,36.71,41094.66,151782.02
2025-05-09 14:45:00,15.17,47.06,125576.41,230479.21
2025-05-09 14:46:00,20.05,38.62,108867.5,186861.13
2025-05-09 14:47:00,16.17,47.93,87509.42,185488.0
2025-05-09 14:48:00,25.17,37.25,109353.72,159695.26
2025-05-09 14:49:00,27.25,60.74,118150.18,157266.92
2025-05-09 14:50:00,20.56,54.92,112892.26,185832.19
2025-05-09 14:51:00,19.63,43.56,116382.53,126709.18
2025-05-09 14:52:00,23.36,39.03,71412.05,180993.11
2025-05-09 14:53:00,22.24,30.13,102800.88,185639.51
2025-05-09 14:54:00,22.9,39.94,81070.85,264045.21
2025-05-09 14:55:00,19.3,47.29,130300.81,159078.9
2025-05-09 14:56:00,19.19,41.77,91816.93,87671.61
2025-05-09 14:57:00,16.46,38.67,100055.2,186730.29
2025-05-09 14:58:00,19.57,28.16,108319.31,196775.59
2025-05-09 14:59:00,23.27,58.09,126307.45,128805.69
2025-05-09 15:00:00,14.48,47.85,133423.21,1342157.15
2025-05-09 15:01:00,18.54,41.96,77778.89,129519.44
2025-05-09 15:02:00,15.59,41.4,68366.75,142993.58
2025-05-09 15:03:00,24.01,44.91,92806.74,245150.65
2025-05-09 15:04:00,20.02,35.42,83511.1,144703.64
2025-05-09 15:05:00,17.53,16.32,124516.85,227195.13
2025-05-09 15:06:00,16.81,50.63,74205.47,250766.52
2025-05-09 15:07:00,27.14,36.49,64756.63,42162.66
2025-05-09 15:08:00,13.43,45.9,113109.05,235541.25
2025-05-09 15:09:00,31.68,49.28,79110.44,158929.47
2025-05-09 15:10:00,22.3,47.12,97939.3,180581.34
2025-05-09 15:11:00,28.18,35.88,41714.15,179676.96
2025-05-09 15:12:00,25.51,50.15,52995.14,202069.22
2025-05-09 15:13:00,30.64,58.14,107676.52,190708.32
2025-05-09 15:14:00,19.94,43.78,120042.5,167962.05
2025-05-09 15:15:00,20.54,37.23,84684.17,215460.04
2025-05-09 15:16:00,15.27,38.99,99767.49,240780.84
2025-05-09 15:17:00,16.82,29.14,59858.2,158865.37
2025-05-09 15:18:00,23.14,47.19,132507.78,245308.15
2025-05-09 15:19:00,7.66,48.8,81390.58,305296.57
2025-05-09 15:20:00,27.38,50.59,80073.9,168968.26
2025-05-09 15:21:00,18.56,33.5,108481.22,243747.33
2025-05-09 15:22:00,15.2,34.15,93622.2,262877.98
2025-05-09 15:23:00,21.81,41.47,81776.38,194843.57
2025-05-09 15:24:00,22.08,45.07,77559.01,254827.01
2025-05-09 15:25:00,14.33,31.27,91101.1,214496.58
2025-05-09 15:26:00,31.34,43.44,113557.2,224791.75
2025-05-09 15:27:00,15.28,49.6,98918.43,178666.41
2025-05-09 15:28:00,16.86,45.9,117598.48,172064.09
2025-05-09 15:29:00,15.93,32.27,146045.04,249965.81
2025-05-09 15:30:00,11.19,55.73,80171.24,265415.92
2025-05-09 15:31:00,16.06,46.71,94418.75,233532.09
2025-05-09 15:32:00,19.22,92.02,108921.74,255779.32
2025-05-09 15:33:00,15.71,37.96,116915.36,207870.78
2025-05-09 15:34:00,25.07,39.41,129492.7,231657.96
2025-05-09 15:35:00,19.96,32.34,102607.34,162223.54
2025-05-09 15:36:00,9.3,51.25,115386.96,202684.24
2025-05-09 15:37:00,10.82,35.38,79675.76,268300.4
2025-05-09 15:38:00,18.85,35.78,92544.54,202172.92
2025-05-09 15:39:00,19.89,37.67,97601.52,199797.65
2025-05-09 15:40:00,23.75,43.01,81662.46,265547.28
2025-05-09 15:41:00,24.95,40.47,114508.27,198876.92
2025-05-09 15:42:00,24.19,46.21,104255.96,139908.08
2025-05-09 15:43:00,17.43,12.88,103102.05,303217.19
2025-05-09 15:44:00,28.12,50.36,131309.85,216615.92
2025-05-09 15:45:00,16.7,45.68,148129.96,1061842.86
2025-05-09 15:46:00,24.46,22.57,109419.85,188427.75
2025-05-09 15:47:00,17.81,33.71,110586.3,165805.91
2025-05-09 15:48:00,25.6,61.72,94327.07,202095.94
2025-05-09 15:49:00,18.81,53.04,131926.41,263186.08
2025-05-09 15:50:00,18.86,42.06,134384.68,199592.62
2025-05-09 15:51:00,23.7,32.22,108005.57,229099.45
2025-05-09 15:52:00,23.35,34.31,105876.94,166026.94
2025-05-09 15:53:00,24.61,55.46,91473.19,242184.72
2025-05-09 15:54:00,15.39,35.99,122657.68,231940.56
2025-05-09 15:55:00,25.01,19.73,79572.01,251625.83
2025-05-09 15:56:00,22.21,48.84,65387.19,215868.87
2025-05-09 15:57:00,23.54,32.75,144280.48,236624.56
2025-05-09 15:58:00,26.61,36.74,107487.44,144906.89
2025-05-09 15:59:00,15.06,39.09,129269.06,253875.56
2025-05-09 16:00:00,20.24,67.78,93329.16,209723.78
2025-05-09 16:01:00,32.81,41.36,77407.0,125444.59
2025-05-09 16:02:00,18.58,51.71,99358.28,199034.17
2025-05-09 16:03:00,12.97,43.77,110569.23,235688.26
2025-05-09 16:04:00,15.14,36.91,625876.43,170275.95
2025-05-09 16:05:00,11.31,97.5,60238.59,235848.92
2025-05-09 16:06:00,27.43,50.26,133011.75,232255.14
2025-05-09 16:07:00,14.78,22.12,86198.46,198834.31
2025-05-09 16:08:00,21.17,28.99,98616.84,296582.64
2025-05-09 16:09:00,19.84,28.97,105341.11,173664.53
2025-05-09 16:10:00,19.84,32.72,116967.3,254633.79
2025-05-09 16:11:00,18.72,42.47,100223.83,233230.45
2025-05-09 16:12:00,11.4,37.34,141935.91,160746.08
2025-05-09 16:13:00,11.54,35.91,75797.02,148067.27
2025-05-09 16:14:00,22.8,30.46,85292.65,152244.86
2025-05-09 16:15:00,27.32,29.32,99831.73,176516.09
2025-05-09 16:16:00,31.5,47.31,109775.5,223477.99
2025-05-09 16:17:00,16.45,26.61,88505.77,210970.43
2025-05-09 16:18:00,25.32,48.68,108416.42,191860.42
2025-05-09 16:19:00,23.08,49.5,114104.05,267862.56
2025-05-09 16:20:00,21.79,43.8,108029.67,151069.69
2025-05-09 16:21:00,20.72,56.72,83360.32,199633.27
2025-05-09 16:22:00,18.36,40.67,120918.89,167939.03
2025-05-09 16:23:00,21.2,45.42,86789.53,167469.4
2025-05-09 16:24:00,14.05,52.67,121876.7,191410.63
2025-05-09 16:25:00,16.52,49.19,118798.5,165690.99
2025-05-09 16:26:00,20.97,47.16,86419.13,253193.93
2025-05-09 16:27:00,15.29,55.67,101555.47,239332.19
2025-05-09 16:28:00,25.89,94.9,144831.73,193044.65
2025-05-09 16:29:00,24.28,43.24,131272.12,234977.93
2025-05-09 16:30:00,19.77,24.5,78877.51,267410.08
2025-05-09 16:31:00,32.05,48.31,85040.65,235579.16
2025-05-09 16:32:00,20.04,49.16,120133.65,102666.35
2025-05-09 16:33:00,18.16,38.96,80817.81,224044.09
2025-05-09 16:34:00,19.66,60.18,138281.79,232062.07
2025-05-09 16:35:00,15.17,43.79,121207.55,210191.81
2025-05-09 16:36:00,11.1,57.22,43496.41,177830.16
2025-05-09 16:37:00,12.63,25.91,63144.4,190474.31
2025-05-09 16:38:00,24.34,42.18,57428.53,114994.38
2025-05-09 16:39:00,21.86,52.53,87821.38,186208.37
2025-05-09 16:40:00,17.21,43.7,83078.2,271958.82
2025-05-09 16:41:00,15.97,46.34,108767.29,287797.71
2025-05-09 16:42:00,16.06,39.92,103801.8,243691.28
2025-05-09 16:43:00,22.43,28.81,114356.35,266744.53
2025-05-09 16:44:00,23.26,57.42,96178.47,69666.11
2025-05-09 16:45:00,28.85,20.25,113656.74,113037.83
2025-05-09 16:46:00,20.07,91.03,81458.67,185026.98
2025-05-09 16:47:00,23.66,40.8,92185.4,204837.12
2025-05-09 16:48:00,15.48,35.62,114766.18,169447.97
2025-05-09 16:49:00,16.13,50.24,103663.32,229262.85
2025-05-09 16:50:00,17.95,46.73,89679.22,170404.76
2025-05-09 16:51:00,11.34,41.62,76096.18,190357.31
2025-05-09 16:52:00,24.11,37.73,92693.88,204257.25
2025-05-09 16:53:00,34.83,25.82,94694.6,165869.74
2025-05-09 16:54:00,22.48,51.16,71974.15,242134.43
2025-05-09 16:55:00,16.48,51.92,95918.85,183232.8
2025-05-09 16:56:00,23.82,49.22,110234.49,251824.84
2025-05-09 16:57:00,20.94,50.59,109685.06,148192.81
2025-05-09 16:58:00,17.27,46.82,96091.72,140214.08
2025-05-09 16:59:00,18.53,34.37,98730.85,183319.21
2025-05-09 17:00:00,26.09,65.51,107677.99,157985.32
2025-05-09 17:01:00,21.41,41.03,95317.19,174179.07
2025-05-09 17:02:00,16.08,43.56,109052.16,253001.95
2025-05-09 17:03:00,23.46,33.81,105366.6,231678.24
2025-05-09 17:04:00,15.98,21.33,118811.47,185294.96
2025-05-09 17:05:00,14.25,33.14,138467.4,180437.92
2025-05-09 17:06:00,17.54,36.36,74401.34,172060.68
2025-05-09 17:07:00,24.97,33.7,97988.63,202488.28
2025-05-09 17:08:00,9.22,34.59,92087.83,207477.16
2025-05-09 17:09:00,16.93,40.2,124628.96,212413.59
2025-05-09 17:10:00,17.43,48.4,120415.51,180150.94
2025-05-09 17:11:00,25.83,23.49,122202.29,192771.86
2025-05-09 17:12:00,23.85,35.5,78007.98,220964.35
2025-05-09 17:13:00,15.83,34.95,87545.86,197577.23
2025-05-09 17:14:00,25.05,32.74,670596.84,210415.43
2025-05-09 17:15:00,14.94,45.25,120453.74,181708.13
2025-05-09 17:16:00,18.8,47.31,152454.17,226020.52
2025-05-09 17:17:00,19.05,39.0,116183.66,223280.94
2025-05-09 17:18:00,14.51,41.66,114196.57,191316.16
2025-05-09 17:19:00,21.45,32.99,77930.88,236772.74
2025-05-09 17:20:00,33.53,36.99,85397.3,288972.62
2025-05-09 17:21:00,27.66,55.51,104630.65,311057.48
2025-05-09 17:22:00,20.3,65.82,83446.18,143735.73
2025-05-09 17:23:00,20.97,33.59,80265.24,206108.25
2025-05-09 17:24:00,23.95,34.07,104938.21,116761.07
2025-05-09 17:25:00,21.57,25.24,116168.29,157123.86
2025-05-09 17:26:00,23.31,32.86,123453.59,261937.17
2025-05-09 17:27:00,18.96,35.02,103629.25,187379.58
2025-05-09 17:28:00,12.37,55.38,109534.47,175214.53
2025-05-09 17:29:00,9.82,39.49,104337.44,254081.85
2025-05-09 17:30:00,17.5,41.97,98984.99,221279.17
2025-05-09 17:31:00,22.66,36.15,140746.31,204196.33
2025-05-09 17:32:00,23.32,26.36,158481.51,208612.59
2025-05-09 17:33:00,6.14,29.1,92692.57,185599.78
2025-05-09 17:34:00,28.47,32.52,93149.74,246504.44
2025-05-09 17:35:00,13.68,32.61,114716.61,176209.83
2025-05-09 17:36:00,20.74,53.41,105211.63,269412.34
2025-05-09 17:37:00,18.94,31.95,72625.45,145566.71
2025-05-09 17:38:00,11.63,54.04,121642.09,248721.67
2025-05-09 17:39:00,19.96,31.73,89986.84,126393.71
2025-05-09 17:40:00,22.72,37.48,120644.44,105357.42
2025-05-09 17:41:00,31.08,22.6,88557.78,282982.04
2025-05-09 17:42:00,9.33,44.72,113338.18,270027.56
2025-05-09 17:43:00,16.11,34.26,86958.76,259586.13
2025-05-09 17:44:00,17.44,20.82,107320.82,138888.52
2025-05-09 17:45:00,23.31,35.13,100121.3,276012.86
2025-05-09 17:46:00,13.49,39.7,65173.87,169417.9
2025-05-09 17:47:00,21.49,21.38,104076.08,204767.04
2025-05-09 17:48:00,12.58,33.7,83347.5,269246.3
2025-05-09 17:49:00,27.14,44.02,109067.06,124998.0
2025-05-09 17:50:00,16.03,46.83,68331.83,240322.76
2025-05-09 17:51:00,13.68,34.99,109800.23,235659.23
2025-05-09 17:52:00,21.85,34.76,57945.42,177632.17
2025-05-09 17:53:00,19.52,48.31,91471.59,145247.91
2025-05-09 17:54:00,19.81,38.47,103512.64,201177.34
2025-05-09 17:55:00,31.09,41.71,111719.84,267089.83
2025-05-09 17:56:00,22.54,49.55,86083.26,147781.62
2025-05-09 17:57:00,21.9,38.34,93207.13,131580.67
2025-05-09 17:58:00,19.64,49.37,87908.54,150361.53
2025-05-09 17:59:00,18.79,54.54,99216.63,255873.01
2025-05-09 18:00:00,19.36,53.63,91154.43,267516.08
2025-05-09 18:01:00,18.61,30.2,86101.67,238007.12
2025-05-09 18:02:00,18.54,46.21,87275.86,185284.55
2025-05-09 18:03:00,22.29,54.72,90926.35,193867.29
2025-05-09 18:04:00,22.04,28.97,105290.01,227831.08
2025-05-09 18:05:00,24.39,42.77,99966.08,282561.64
2025-05-09 18:06:00,18.55,37.32,82330.53,208520.95
2025-05-09 18:07:00,25.61,48.36,76501.23,200671.09
2025-05-09 18:08:00,14.11,35.29,98084.08,173675.31
2025-05-09 18:09:00,22.18,37.05,95347.8,272629.99
2025-05-09 18:10:00,26.71,41.32,110616.61,229210.07
2025-05-09 18:11:00,15.96,39.45,103073.37,135455.34
2025-05-09 18:12:00,17.12,23.76,87637.23,154948.77
2025-05-09 18:13:00,22.11,40.86,80570.9,157041.05
2025-05-09 18:14:00,22.32,45.18,94135.91,278267.23
2025-05-09 18:15:00,12.17,38.65,105744.34,211852.04
2025-05-09 18:16:00,22.35,41.57,84790.81,241957.37
2025-05-09 18:17:00,18.73,42.69,107770.89,226350.29
2025-05-09 18:18:00,13.49,51.81,104555.47,220357.56
2025-05-09 18:19:00,22.67,37.14,107489.9,99134.73
2025-05-09 18:20:00,26.28,54.64,123895.76,142453.43
2025-05-09 18:21:00,28.87,39.94,88975.5,257603.27
2025-05-09 18:22:00,19.89,42.23,130222.97,198125.7
2025-05-09 18:23:00,27.25,48.52,83479.82,201082.97
2025-05-09 18:24:00,14.49,39.09,129056.03,277293.44
2025-05-09 18:25:00,23.46,27.33,90352.18,221582.26
2025-05-09 18:26:00,14.31,27.18,129632.31,264805.94
2025-05-09 18:27:00,18.59,41.65,127925.2,195929.26
2025-05-09 18:28:00,22.42,47.01,86232.15,186282.18
2025-05-09 18:29:00,23.53,27.7,101649.84,222738.0
2025-05-09 18:30:00,20.84,40.82,115470.08,259310.93
2025-05-09 18:31:00,25.25,39.45,93286.4,186472.82
2025-05-09 18:32:00,16.73,29.42,89685.49,230156.9
2025-05-09 18:33:00,18.79,27.58,104101.1,161542.5
2025-05-09 18:34:00,23.13,39.08,114718.06,121756.22
2025-05-09 18:35:00,26.71,48.48,103251.17,239603.48
2025-05-09 18:36:00,29.95,38.32,95821.07,213178.66
2025-05-09 18:37:00,26.38,41.24,85657.68,131166.78
2025-05-09 18:38:00,16.96,14.06,111693.09,219969.0
2025-05-09 18:39:00,21.79,40.75,159886.64,199779.24
2025-05-09 18:40:00,17.11,42.09,102029.08,247047.8
2025-05-09 18:41:00,18.5,38.36,62746.44,144553.56
2025-05-09 18:42:00,9.71,42.11,114540.48,272937.18
2025-05-09 18:43:00,12.39,46.11,126217.52,253609.51
2025-05-09 18:44:00,17.72,27.68,103923.3,210161.53
2025-05-09 18:45:00,19.84,28.91,96455.02,213858.79
2025-05-09 18:46:00,25.51,42.05,93857.56,209039.03
2025-05-09 18:47:00,21.33,41.67,102337.42,169385.05
2025-05-09 18:48:00,20.42,36.48,92752.33,269656.37
2025-05-09 18:49:00,26.25,44.62,111031.74,176562.26
2025-05-09 18:50:00,11.84,51.51,97052.38,237149.78
2025-05-09 18:51:00,21.89,28.65,109627.56,181031.79
2025-05-09 18:52:00,15.61,39.42,64100.61,191807.89
2025-05-09 18:53:00,18.7,38.1,88611.18,175477.46
2025-05-09 18:54:00,6.64,46.39,101660.14,168432.63
2025-05-09 18:55:00,9.97,42.21,89965.55,254521.06
2025-05-09 18:56:00,18.84,51.57,131829.0,202073.74
2025-05-09 18:57:00,18.62,37.89,113901.14,250955.6
2025-05-09 18:58:00,16.1,18.04,88774.32,195952.08
2025-05-09 18:59:00,27.19,56.24,86466.35,219953.14
2025-05-09 19:00:00,20.84,22.27,100257.49,117420.55
2025-05-09 19:01:00,24.48,28.76,82145.9,180550.76
2025-05-09 19:02:00,23.33,33.35,92112.0,186551.29
2025-05-09 19:03:00,13.78,30.6,83362.36,160431.28
2025-05-09 19:04:00,28.57,63.55,79712.19,214009.98
2025-05-09 19:05:00,21.19,58.88,89735.1,180552.29
2025-05-09 19:06:00,18.92,26.43,76359.28,158422.01
2025-05-09 19:07:00,24.78,39.34,74103.27,223137.42
2025-05-09 19:08:00,18.65,52.7,103531.81,265679.59
2025-05-09 19:09:00,28.63,37.21,113557.86,153080.0
2025-05-09 19:10:00,11.18,29.38,107862.25,151941.41
2025-05-09 19:11:00,22.47,18.14,142794.45,245959.37
2025-05-09 19:12:00,21.05,24.28,70822.02,194938.52
2025-05-09 19:13:00,12.51,52.65,118295.0,227974.75
2025-05-09 19:14:00,14.57,47.08,102305.89,274293.29
2025-05-09 19:15:00,19.32,35.73,138198.29,277276.96
2025-05-09 19:16:00,13.8,47.52,121471.41,227892.45
2025-05-09 19:17:00,13.77,37.32,130526.71,190880.13
2025-05-09 19:18:00,30.79,50.49,117981.44,145179.35
2025-05-09 19:19:00,20.55,42.36,136360.48,224426.41
2025-05-09 19:20:00,17.82,54.19,86417.87,186018.81
2025-05-09 19:21:00,22.52,21.59,91651.71,208879.05
2025-05-09 19:22:00,22.88,59.12,102654.67,211759.44
2025-05-09 19:23:00,27.04,62.76,71006.03,174837.56
2025-05-09 19:24:00,18.98,33.23,109812.28,208830.22
2025-05-09 19:25:00,15.59,37.23,107424.01,167819.45
2025-05-09 19:26:00,18.79,41.45,107755.38,166446.71
2025-05-09 19:27:00,17.62,41.41,108565.64,242182.66
2025-05-09 19:28:00,18.76,34.46,74757.88,230760.43
2025-05-09 19:29:00,21.4,25.62,105345.3,209138.78
2025-05-09 19:30:00,14.34,9.78,111998.81,276866.11
2025-05-09 19:31:00,14.3,37.71,104974.64,218809.0
2025-05-09 19:32:00,26.23,40.27,144397.82,149553.22
2025-05-09 19:33:00,18.6,42.13,123132.59,166915.91
2025-05-09 19:34:00,15.57,31.25,105292.49,206567.21
2025-05-09 19:35:00,18.2,53.64,95138.64,263559.94
2025-05-09 19:36:00,13.64,45.51,92780.85,230755.19
2025-05-09 19:37:00,19.02,48.33,114692.94,86424.65
2025-05-09 19:38:00,16.38,41.47,62799.16,195940.36
2025-05-09 19:39:00,18.85,46.34,97160.2,277820.09
2025-05-09 19:40:00,29.44,54.96,144447.89,214571.55
2025-05-09 19:41:00,19.89,34.68,92914.57,150187.33
2025-05-09 19:42:00,18.1,52.48,121853.27,189150.12
2025-05-09 19:43:00,24.22,41.12,92457.69,253002.19
2025-05-09 19:44:00,12.42,50.02,84692.52,149270.77
2025-05-09 19:45:00,14.57,43.69,103273.61,156570.48
2025-05-09 19:46:00,16.31,51.08,57799.66,201328.66
2025-05-09 19:47:00,22.54,43.4,75966.91,217513.47
2025-05-09 19:48:00,20.92,47.39,99755.25,226529.3
2025-05-09 19:49:00,25.67,48.56,90373.97,186336.1
2025-05-09 19:50:00,24.73,46.44,66841.57,182236.11
2025-05-09 19:51:00,23.57,34.52,67119.55,240508.82
2025-05-09 19:52:00,23.48,29.51,94635.49,210005.13
2025-05-09 19:53:00,17.94,56.64,104585.02,122033.97
2025-05-09 19:54:00,19.1,35.12,131393.29,182111.46
2025-05-09 19:55:00,13.79,49.24,75361.62,187786.03
2025-05-09 19:56:00,21.87,46.11,86108.52,256542.95
2025-05-09 19:57:00,22.7,37.28,88936.34,233129.1
2025-05-09 19:58:00,14.45,57.15,124783.12,125739.2
2025-05-09 19:59:00,18.18,52.42,82898.59,155340.3
2025-05-09 20:00:00,30.23,40.6,70168.89,229500.33
2025-05-09 20:01:00,16.56,44.4,78995.45,204966.91
2025-05-09 20:02:00,12.74,33.25,123680.01,234441.85
2025-05-09 20:03:00,20.14,37.27,95066.0,234728.55
2025-05-09 20:04:00,17.18,44.32,94082.63,173658.68
2025-05-09 20:05:00,9.85,49.1,88445.81,250108.23
2025-05-09 20:06:00,29.2,39.44,94606.65,190203.16
2025-05-09 20:07:00,18.02,37.66,86904.58,185973.32
2025-05-09 20:08:00,17.03,50.4,93200.03,306921.84
2025-05-09 20:09:00,23.48,44.19,100341.04,221747.93
2025-05-09 20:10:00,13.52,32.45,117670.94,239904.16
2025-05-09 20:11:00,15.66,44.62,90702.71,201389.52
2025-05-09 20:12:00,29.22,33.49,96360.8,225871.7
2025-05-09 20:13:00,25.76,42.55,132764.99,144366.0
2025-05-09 20:14:00,22.26,52.72,65914.88,221292.22
2025-05-09 20:15:00,20.88,41.62,102249.96,178406.68
2025-05-09 20:16:00,23.83,55.32,124264.92,233921.91
2025-05-09 20:17:00,17.72,30.38,84458.91,193561.01
2025-05-09 20:18:00,18.86,45.77,129884.86,138454.37
2025-05-09 20:19:00,17.54,33.05,140669.04,271080.74
2025-05-09 20:20:00,17.18,30.07,87786.45,197235.38
2025-05-09 20:21:00,20.87,69.47,67662.7,260974.79
2025-05-09 20:22:00,15.29,24.79,111152.53,208082.32
2025-05-09 20:23:00,17.75,36.59,77385.34,189609.55
2025-05-09 20:24:00,92.03,41.01,115661.38,208881.35
2025-05-09 20:25:00,25.2,45.6,74827.22,239127.04
2025-05-09 20:26:00,21.09,49.57,89552.55,138203.27
2025-05-09 20:27:00,12.0,41.99,105125.79,253480.0
2025-05-09 20:28:00,30.33,54.24,103330.04,136281.7
2025-05-09 20:29:00,13.21,48.51,87860.84,223327.39
2025-05-09 20:30:00,15.53,46.27,72320.69,102071.45
2025-05-09 20:31:00,14.54,48.68,94838.31,144938.72
2025-05-09 20:32:00,25.11,34.68,100348.71,149666.22
2025-05-09 20:33:00,19.79,40.0,123001.62,168829.54
2025-05-09 20:34:00,4.79,36.5,130723.27,226385.68
2025-05-09 20:35:00,10.21,53.94,128724.02,93540.87
2025-05-09 20:36:00,27.69,39.5,82454.36,224857.44
2025-05-09 20:37:00,12.47,47.95,102538.59,175472.21
2025-05-09 20:38:00,25.62,42.12,137763.99,237068.39
2025-05-09 20:39:00,15.32,37.14,118501.8,218020.05
2025-05-09 20:40:00,10.04,40.74,108212.3,1350694.22
2025-05-09 20:41:00,26.75,55.06,105868.14,230146.03
2025-05-09 20:42:00,14.11,39.79,112703.92,302102.55
2025-05-09 20:43:00,22.81,44.85,77892.97,183253.52
2025-05-09 20:44:00,17.64,41.13,95108.3,288228.17
2025-05-09 20:45:00,25.13,51.19,92092.76,170133.19
2025-05-09 20:46:00,13.01,31.34,74267.38,246811.12
2025-05-09 20:47:00,22.18,50.28,83953.9,202749.49
2025-05-09 20:48:00,28.79,26.09,94483.01,156593.14
2025-05-09 20:49:00,26.92,46.48,102599.96,125738.66
2025-05-09 20:50:00,19.52,27.24,83328.03,1423083.98
2025-05-09 20:51:00,17.45,20.68,84962.75,222251.33
2025-05-09 20:52:00,28.07,27.86,89523.6,145212.81
2025-05-09 20:53:00,20.83,37.97,103365.45,215338.34
2025-05-09 20:54:00,19.97,50.91,119420.11,253309.02
2025-05-09 20:55:00,22.31,40.03,107809.53,290249.29
2025-05-09 20:56:00,22.77,30.69,86357.52,285928.56
2025-05-09 20:57:00,15.98,38.31,98811.94,284799.37
2025-05-09 20:58:00,27.9,59.9,71085.4,252990.93
2025-05-09 20:59:00,22.19,46.25,111480.42,217433.04
2025-05-09 21:00:00,28.01,59.99,38584.4,171952.79
2025-05-09 21:01:00,25.27,40.75,41077.34,185469.76
2025-05-09 21:02:00,20.91,37.55,93726.36,181518.72
2025-05-09 21:03:00,13.76,26.81,93953.24,174118.85
2025-05-09 21:04:00,12.4,36.86,98878.3,202896.63
2025-05-09 21:05:00,22.1,28.51,89892.84,267176.22
2025-05-09 21:06:00,22.2,33.2,97800.59,168613.0
2025-05-09 21:07:00,20.07,41.52,96533.0,92213.46
2025-05-09 21:08:00,29.04,34.72,111569.58,254615.42
2025-05-09 21:09:00,14.79,44.94,68661.62,208757.52
2025-05-09 21:10:00,18.93,49.08,142987.06,136912.8
2025-05-09 21:11:00,27.08,35.13,108090.67,245861.9
2025-05-09 21:12:00,17.99,39.88,62055.12,139645.87
2025-05-09 21:13:00,16.58,46.49,118757.0,221334.69
2025-05-09 21:14:00,18.98,41.56,84481.66,195290.69
2025-05-09 21:15:00,17.26,26.05,109026.89,238016.12
2025-05-09 21:16:00,19.55,34.93,53689.73,248510.12
2025-05-09 21:17:00,22.38,49.21,108385.42,187989.36
2025-05-09 21:18:00,29.28,49.03,65881.3,101010.27
2025-05-09 21:19:00,24.89,25.13,74966.71,200734.55
2025-05-09 21:20:00,15.34,13.43,95479.01,225892.41
2025-05-09 21:21:00,9.07,39.22,103898.75,146569.01
2025-05-09 21:22:00,19.57,31.68,67206.22,131371.54
2025-05-09 21:23:00,15.07,26.81,102772.59,291523.84
2025-05-09 21:24:00,21.04,34.93,102887.26,184960.13
2025-05-09 21:25:00,24.46,29.87,85255.94,185135.16
2025-05-09 21:26:00,21.35,17.03,73105.96,147661.34
2025-05-09 21:27:00,18.51,37.22,95486.94,124564.26
2025-05-09 21:28:00,18.72,44.49,105178.36,246051.76
2025-05-09 21:29:00,13.73,47.04,99323.14,311454.9
2025-05-09 21:30:00,10.16,30.24,100276.16,252192.14
2025-05-09 21:31:00,16.85,41.76,65726.16,179000.37
2025-05-09 21:32:00,15.48,35.71,134022.51,211712.66
2025-05-09 21:33:00,23.06,29.1,129418.6,133799.98
2025-05-09 21:34:00,23.13,61.96,98580.7,239946.39
2025-05-09 21:35:00,12.9,51.54,109593.98,139739.42
2025-05-09 21:36:00,24.1,32.59,146988.31,184846.73
2025-05-09 21:37:00,6.57,47.99,88602.96,111000.5
2025-05-09 21:38:00,32.32,44.33,110428.74,164560.28
2025-05-09 21:39:00,12.42,43.5,79541.2,183698.9
2025-05-09 21:40:00,14.93,47.35,85927.02,237856.26
2025-05-09 21:41:00,26.03,43.27,93312.42,161416.72
2025-05-09 21:42:00,29.2,40.06,136466.27,157188.04
2025-05-09 21:43:00,25.71,42.4,128632.95,217146.82
2025-05-09 21:44:00,16.75,39.55,110855.52,179409.19
2025-05-09 21:45:00,9.67,40.86,114999.61,202071.86
2025-05-09 21:46:00,20.05,36.41,105038.0,191289.11
2025-05-09 21:47:00,20.32,36.44,110132.78,177674.19
2025-05-09 21:48:00,17.49,43.82,105593.79,210476.46
2025-05-09 21:49:00,20.99,30.16,96895.36,217326.91
2025-05-09 21:50:00,18.52,59.58,106299.02,237971.43
2025-05-09 21:51:00,20.08,90.85,122008.38,229081.47
2025-05-09 21:52:00,8.67,29.85,121641.69,198101.23
2025-05-09 21:53:00,15.94,43.27,100595.05,179683.77
2025-05-09 21:54:00,20.45,37.77,101823.87,157075.67
2025-05-09 21:55:00,29.61,54.96,84812.92,108515.28
2025-05-09 21:56:00,24.62,45.9,91609.21,193468.02
2025-05-09 21:57:00,15.39,34.18,80251.5,120854.61
2025-05-09 21:58:00,15.78,41.98,79688.32,242019.42
2025-05-09 21:59:00,29.44,42.55,79894.11,238235.65
2025-05-09 22:00:00,25.66,45.36,103741.3,191275.15
2025-05-09 22:01:00,14.83,36.29,75973.58,204811.65
2025-05-09 22:02:00,12.47,39.57,108471.34,139456.16
2025-05-09 22:03:00,13.59,57.42,63694.75,269108.98
2025-05-09 22:04:00,20.34,37.45,125515.2,200304.76
2025-05-09 22:05:00,20.04,32.07,107123.59,162750.64
2025-05-09 22:06:00,22.97,65.41,88469.29,234743.68
2025-05-09 22:07:00,22.43,47.41,80040.27,176047.32
2025-05-09 22:08:00,22.3,27.61,121663.43,205608.12
2025-05-09 22:09:00,23.3,32.64,103403.56,222400.26
2025-05-09 22:10:00,23.83,30.48,93341.73,243965.41
2025-05-09 22:11:00,11.07,24.76,109379.1,205391.57
2025-05-09 22:12:00,20.5,59.78,62722.81,228341.7
2025-05-09 22:13:00,14.59,24.38,105819.68,191147.16
2025-05-09 22:14:00,19.72,28.7,126871.24,203033.82
2025-05-09 22:15:00,15.01,19.12,119354.11,160734.1
2025-05-09 22:16:00,25.52,39.72,121416.94,241232.78
2025-05-09 22:17:00,14.95,20.96,63077.59,189449.89
2025-05-09 22:18:00,19.76,53.89,96329.13,225277.61
2025-05-09 22:19:00,19.0,34.41,107192.9,216685.86
2025-05-09 22:20:00,29.92,30.9,76785.45,241595.91
2025-05-09 22:21:00,19.36,52.78,120354.54,176341.47
2025-05-09 22:22:00,9.31,49.32,71934.94,190951.12
2025-05-09 22:23:00,25.61,30.21,139602.44,226229.94
2025-05-09 22:24:00,17.87,43.93,94305.11,223792.88
2025-05-09 22:25:00,21.61,31.4,107664.18,232164.62
2025-05-09 22:26:00,19.48,43.66,112034.42,308599.35
2025-05-09 22:27:00,25.3,45.51,107796.33,212670.67
2025-05-09 22:28:00,23.47,50.88,109971.24,151515.5
2025-05-09 22:29:00,23.71,44.54,95436.61,145774.05
2025-05-09 22:30:00,15.82,19.41,142653.75,145742.76
2025-05-09 22:31:00,21.27,28.63,78490.73,213283.46
2025-05-09 22:32:00,15.52,26.57,107787.64,203515.38
2025-05-09 22:33:00,16.02,26.51,82652.57,210319.77
2025-05-09 22:34:00,16.12,34.46,75273.24,123274.8
2025-05-09 22:35:00,22.21,58.69,129740.38,53261.33
2025-05-09 22:36:00,19.49,29.7,92747.85,169317.6
2025-05-09 22:37:00,15.52,52.79,107591.77,201582.34
2025-05-09 22:38:00,15.69,48.92,128328.47,287239.98
2025-05-09 22:39:00,14.51,45.93,44123.36,167314.49
2025-05-09 22:40:00,13.89,46.59,123114.77,229035.68
2025-05-09 22:41:00,15.48,43.68,89368.7,175322.61
2025-05-09 22:42:00,13.49,39.24,110514.22,252113.1
2025-05-09 22:43:00,15.45,33.02,124870.03,227015.16
2025-05-09 22:44:00,22.63,31.82,93192.92,149877.85
2025-05-09 22:45:00,23.92,39.79,55640.01,143905.24
2025-05-09 22:46:00,15.27,35.91,91791.63,262518.98
2025-05-09 22:47:00,24.6,39.15,143764.09,176926.48
2025-05-09 22:48:00,25.64,49.82,102725.69,180226.55
2025-05-09 22:49:00,21.63,29.7,89814.8,190867.26
2025-05-09 22:50:00,18.93,33.24,124826.45,124356.54
2025-05-09 22:51:00,21.53,60.3,95269.98,156837.42
2025-05-09 22:52:00,18.9,37.86,100136.12,227350.78
2025-05-09 22:53:00,22.72,53.09,92132.98,243468.06
2025-05-09 22:54:00,25.87,21.19,96600.94,199815.65
2025-05-09 22:55:00,17.85,48.42,97992.89,185719.03
2025-05-09 22:56:00,23.13,59.05,90019.18,103265.44
2025-05-09 22:57:00,17.15,48.54,106740.79,218556.82
2025-05-09 22:58:00,15.46,26.53,87549.09,311955.26
2025-05-09 22:59:00,17.67,31.27,86647.75,188712.76
2025-05-09 23:00:00,27.64,51.59,136420.88,132854.43
2025-05-09 23:01:00,14.23,35.91,110200.99,164625.82
2025-05-09 23:02:00,13.61,37.52,117984.95,204795.43
2025-05-09 23:03:00,14.24,38.58,95525.24,182057.15
2025-05-09 23:04:00,27.53,39.22,99886.9,177280.18
2025-05-09 23:05:00,26.9,45.62,130932.7,263908.7
2025-05-09 23:06:00,18.46,31.99,70976.29,237437.53
2025-05-09 23:07:00,13.98,30.09,117228.21,225910.69
2025-05-09 23:08:00,22.6,20.18,103469.71,264673.8
2025-05-09 23:09:00,20.7,36.8,94345.14,179970.54
2025-05-09 23:10:00,23.9,50.55,107778.66,1299318.74
2025-05-09 23:11:00,19.07,38.51,104011.4,191545.7
2025-05-09 23:12:00,22.46,33.82,77290.32,323421.48
2025-05-09 23:13:00,23.24,43.39,115795.66,139920.95
2025-05-09 23:14:00,14.52,37.41,88677.46,216757.65
2025-05-09 23:15:00,22.85,31.23,129557.79,193334.22
2025-05-09 23:16:00,21.73,94.1,133141.54,156195.52
2025-05-09 23:17:00,20.61,42.17,85545.14,231879.16
2025-05-09 23:18:00,19.57,51.25,127189.95,205822.89
2025-05-09 23:19:00,15.0,47.02,107506.5,242678.34
2025-05-09 23:20:00,27.28,30.42,101446.52,218469.46
2025-05-09 23:21:00,33.96,49.84,99180.66,228121.01
2025-05-09 23:22:00,8.92,51.0,120141.46,189318.28
2025-05-09 23:23:00,17.02,36.21,142057.18,198976.96
2025-05-09 23:24:00,24.19,36.35,100467.37,250346.05
2025-05-09 23:25:00,15.85,44.72,81200.11,242714.4
2025-05-09 23:26:00,25.14,40.75,116672.06,222348.02
2025-05-09 23:27:00,26.3,42.63,101855.89,227730.82
2025-05-09 23:28:00,17.91,25.92,109428.15,226629.93
2025-05-09 23:29:00,30.21,65.8,110775.57,227023.23
2025-05-09 23:30:00,15.4,55.44,108018.25,136797.82
2025-05-09 23:31:00,25.13,51.82,90164.15,228686.48
2025-05-09 23:32:00,24.15,42.37,79479.86,211466.92
2025-05-09 23:33:00,11.86,45.12,96423.8,234203.39
2025-05-09 23:34:00,28.0,50.76,118971.54,182712.19
2025-05-09 23:35:00,23.5,48.9,94897.34,235903.83
2025-05-09 23:36:00,21.62,58.4,95341.46,226360.1
2025-05-09 23:37:00,17.8,25.53,81948.61,216231.12
2025-05-09 23:38:00,22.19,30.32,132644.38,160528.29
2025-05-09 23:39:00,22.38,34.8,98291.93,175276.31
2025-05-09 23:40:00,21.63,34.05,77431.78,253052.62
2025-05-09 23:41:00,27.1,47.59,85949.61,345272.96
2025-05-09 23:42:00,20.85,21.91,114198.26,219374.86
2025-05-09 23:43:00,21.39,27.18,106080.71,230870.86
2025-05-09 23:44:00,22.39,40.31,102373.94,208496.19
2025-05-09 23:45:00,10.57,33.66,92734.9,140605.28
2025-05-09 23:46:00,15.31,24.38,92296.51,165623.34
2025-05-09 23:47:00,17.4,23.84,115031.99,191042.72
2025-05-09 23:48:00,22.71,52.33,119301.76,162382.32
2025-05-09 23:49:00,17.38,41.15,100576.53,143837.9
2025-05-09 23:50:00,24.56,47.74,75163.39,140547.54
2025-05-09 23:51:00,19.53,55.41,103292.61,129938.83
2025-05-09 23:52:00,14.72,57.6,101954.83,179145.71
2025-05-09 23:53:00,21.77,34.67,136409.13,267493.13
2025-05-09 23:54:00,17.67,45.9,117714.95,162580.8
2025-05-09 23:55:00,15.44,57.46,89710.43,161780.29
2025-05-09 23:56:00,23.15,50.95,77453.4,223294.78
2025-05-09 23:57:00,18.49,46.25,86919.45,213311.43
2025-05-09 23:58:00,32.39,25.91,95603.55,209807.42
2025-05-09 23:59:00,20.89,33.07,95626.02,169180.89
